table,gender,risk,attained_age,q_ult
t3351,Male,SuperPref Nonsmoker,18,5.5e-4
t3351,Male,SuperPref Nonsmoker,19,5.7e-4
t3351,Male,SuperPref Nonsmoker,20,5.8e-4
t3351,Male,SuperPref Nonsmoker,21,5.8e-4
t3351,Male,SuperPref Nonsmoker,22,5.7e-4
t3351,Male,SuperPref Nonsmoker,23,5.6e-4
t3351,Male,SuperPref Nonsmoker,24,5.6e-4
t3351,Male,SuperPref Nonsmoker,25,5.4e-4
t3351,Male,SuperPref Nonsmoker,26,4.6e-4
t3351,Male,SuperPref Nonsmoker,27,4.3e-4
t3351,Male,SuperPref Nonsmoker,28,4.1e-4
t3351,Male,SuperPref Nonsmoker,29,3.9e-4
t3351,Male,SuperPref Nonsmoker,30,3.7e-4
t3351,Male,SuperPref Nonsmoker,31,4e-4
t3351,Male,SuperPref Nonsmoker,32,4.3e-4
t3351,Male,SuperPref Nonsmoker,33,4.7e-4
t3351,Male,SuperPref Nonsmoker,34,5.4e-4
t3351,Male,SuperPref Nonsmoker,35,6.3e-4
t3351,Male,SuperPref Nonsmoker,36,7.3e-4
t3351,Male,SuperPref Nonsmoker,37,8.3e-4
t3351,Male,SuperPref Nonsmoker,38,9.1e-4
t3351,Male,SuperPref Nonsmoker,39,9.6e-4
t3351,Male,SuperPref Nonsmoker,40,0.00101
t3351,Male,SuperPref Nonsmoker,41,0.00108
t3351,Male,SuperPref Nonsmoker,42,0.00115
t3351,Male,SuperPref Nonsmoker,43,0.00122
t3351,Male,SuperPref Nonsmoker,44,0.00126
t3351,Male,SuperPref Nonsmoker,45,0.00131
t3351,Male,SuperPref Nonsmoker,46,0.00136
t3351,Male,SuperPref Nonsmoker,47,0.00141
t3351,Male,SuperPref Nonsmoker,48,0.00147
t3351,Male,SuperPref Nonsmoker,49,0.00155
t3351,Male,SuperPref Nonsmoker,50,0.00165
t3351,Male,SuperPref Nonsmoker,51,0.00177
t3351,Male,SuperPref Nonsmoker,52,0.00192
t3351,Male,SuperPref Nonsmoker,53,0.00208
t3351,Male,SuperPref Nonsmoker,54,0.00224
t3351,Male,SuperPref Nonsmoker,55,0.00239
t3351,Male,SuperPref Nonsmoker,56,0.00252
t3351,Male,SuperPref Nonsmoker,57,0.00266
t3351,Male,SuperPref Nonsmoker,58,0.00282
t3351,Male,SuperPref Nonsmoker,59,0.00301
t3351,Male,SuperPref Nonsmoker,60,0.00327
t3351,Male,SuperPref Nonsmoker,61,0.00361
t3351,Male,SuperPref Nonsmoker,62,0.00401
t3351,Male,SuperPref Nonsmoker,63,0.00447
t3351,Male,SuperPref Nonsmoker,64,0.00498
t3351,Male,SuperPref Nonsmoker,65,0.00554
t3351,Male,SuperPref Nonsmoker,66,0.00616
t3351,Male,SuperPref Nonsmoker,67,0.00684
t3351,Male,SuperPref Nonsmoker,68,0.00762
t3351,Male,SuperPref Nonsmoker,69,0.00853
t3351,Male,SuperPref Nonsmoker,70,0.00961
t3351,Male,SuperPref Nonsmoker,71,0.01092
t3351,Male,SuperPref Nonsmoker,72,0.01248
t3351,Male,SuperPref Nonsmoker,73,0.01429
t3351,Male,SuperPref Nonsmoker,74,0.01637
t3351,Male,SuperPref Nonsmoker,75,0.0187
t3351,Male,SuperPref Nonsmoker,76,0.02129
t3351,Male,SuperPref Nonsmoker,77,0.02419
t3351,Male,SuperPref Nonsmoker,78,0.0275
t3351,Male,SuperPref Nonsmoker,79,0.03133
t3351,Male,SuperPref Nonsmoker,80,0.03577
t3351,Male,SuperPref Nonsmoker,81,0.04081
t3351,Male,SuperPref Nonsmoker,82,0.04661
t3351,Male,SuperPref Nonsmoker,83,0.05339
t3351,Male,SuperPref Nonsmoker,84,0.0613
t3351,Male,SuperPref Nonsmoker,85,0.07054
t3351,Male,SuperPref Nonsmoker,86,0.08125
t3351,Male,SuperPref Nonsmoker,87,0.09355
t3351,Male,SuperPref Nonsmoker,88,0.10727
t3351,Male,SuperPref Nonsmoker,89,0.12216
t3351,Male,SuperPref Nonsmoker,90,0.13807
t3351,Male,SuperPref Nonsmoker,91,0.15459
t3351,Male,SuperPref Nonsmoker,92,0.17126
t3351,Male,SuperPref Nonsmoker,93,0.18763
t3351,Male,SuperPref Nonsmoker,94,0.20297
t3351,Male,SuperPref Nonsmoker,95,0.21845
t3351,Male,SuperPref Nonsmoker,96,0.23554
t3351,Male,SuperPref Nonsmoker,97,0.25392
t3351,Male,SuperPref Nonsmoker,98,0.27364
t3351,Male,SuperPref Nonsmoker,99,0.29431
t3351,Male,SuperPref Nonsmoker,100,0.31552
t3351,Male,SuperPref Nonsmoker,101,0.33699
t3351,Male,SuperPref Nonsmoker,102,0.35854
t3351,Male,SuperPref Nonsmoker,103,0.37981
t3351,Male,SuperPref Nonsmoker,104,0.40044
t3351,Male,SuperPref Nonsmoker,105,0.42009
t3351,Male,SuperPref Nonsmoker,106,0.4384
t3351,Male,SuperPref Nonsmoker,107,0.45501
t3351,Male,SuperPref Nonsmoker,108,0.46956
t3351,Male,SuperPref Nonsmoker,109,0.4817
t3351,Male,SuperPref Nonsmoker,110,0.49107
t3351,Male,SuperPref Nonsmoker,111,0.49731
t3351,Male,SuperPref Nonsmoker,112,0.5
t3351,Male,SuperPref Nonsmoker,113,0.5
t3351,Male,SuperPref Nonsmoker,114,0.5
t3351,Male,SuperPref Nonsmoker,115,0.5
t3351,Male,SuperPref Nonsmoker,116,0.5
t3351,Male,SuperPref Nonsmoker,117,0.5
t3351,Male,SuperPref Nonsmoker,118,0.5
t3351,Male,SuperPref Nonsmoker,119,0.5
t3351,Male,SuperPref Nonsmoker,120,0.5
t3352,Male,Preferred Nonsmoker,18,6.4e-4
t3352,Male,Preferred Nonsmoker,19,6.7e-4
t3352,Male,Preferred Nonsmoker,20,6.9e-4
t3352,Male,Preferred Nonsmoker,21,6.8e-4
t3352,Male,Preferred Nonsmoker,22,6.7e-4
t3352,Male,Preferred Nonsmoker,23,6.6e-4
t3352,Male,Preferred Nonsmoker,24,6.6e-4
t3352,Male,Preferred Nonsmoker,25,6.4e-4
t3352,Male,Preferred Nonsmoker,26,5.5e-4
t3352,Male,Preferred Nonsmoker,27,5e-4
t3352,Male,Preferred Nonsmoker,28,4.8e-4
t3352,Male,Preferred Nonsmoker,29,4.5e-4
t3352,Male,Preferred Nonsmoker,30,4.4e-4
t3352,Male,Preferred Nonsmoker,31,4.7e-4
t3352,Male,Preferred Nonsmoker,32,5e-4
t3352,Male,Preferred Nonsmoker,33,5.6e-4
t3352,Male,Preferred Nonsmoker,34,6.4e-4
t3352,Male,Preferred Nonsmoker,35,7.5e-4
t3352,Male,Preferred Nonsmoker,36,8.6e-4
t3352,Male,Preferred Nonsmoker,37,9.8e-4
t3352,Male,Preferred Nonsmoker,38,0.00107
t3352,Male,Preferred Nonsmoker,39,0.00113
t3352,Male,Preferred Nonsmoker,40,0.00119
t3352,Male,Preferred Nonsmoker,41,0.00127
t3352,Male,Preferred Nonsmoker,42,0.00135
t3352,Male,Preferred Nonsmoker,43,0.00143
t3352,Male,Preferred Nonsmoker,44,0.00149
t3352,Male,Preferred Nonsmoker,45,0.00154
t3352,Male,Preferred Nonsmoker,46,0.00159
t3352,Male,Preferred Nonsmoker,47,0.00165
t3352,Male,Preferred Nonsmoker,48,0.00173
t3352,Male,Preferred Nonsmoker,49,0.00181
t3352,Male,Preferred Nonsmoker,50,0.00193
t3352,Male,Preferred Nonsmoker,51,0.00208
t3352,Male,Preferred Nonsmoker,52,0.00228
t3352,Male,Preferred Nonsmoker,53,0.00249
t3352,Male,Preferred Nonsmoker,54,0.0027
t3352,Male,Preferred Nonsmoker,55,0.00291
t3352,Male,Preferred Nonsmoker,56,0.00311
t3352,Male,Preferred Nonsmoker,57,0.0033
t3352,Male,Preferred Nonsmoker,58,0.00352
t3352,Male,Preferred Nonsmoker,59,0.00378
t3352,Male,Preferred Nonsmoker,60,0.00412
t3352,Male,Preferred Nonsmoker,61,0.00456
t3352,Male,Preferred Nonsmoker,62,0.00507
t3352,Male,Preferred Nonsmoker,63,0.00565
t3352,Male,Preferred Nonsmoker,64,0.00628
t3352,Male,Preferred Nonsmoker,65,0.00696
t3352,Male,Preferred Nonsmoker,66,0.0077
t3352,Male,Preferred Nonsmoker,67,0.0085
t3352,Male,Preferred Nonsmoker,68,0.0094
t3352,Male,Preferred Nonsmoker,69,0.01044
t3352,Male,Preferred Nonsmoker,70,0.01167
t3352,Male,Preferred Nonsmoker,71,0.01314
t3352,Male,Preferred Nonsmoker,72,0.01487
t3352,Male,Preferred Nonsmoker,73,0.01687
t3352,Male,Preferred Nonsmoker,74,0.01912
t3352,Male,Preferred Nonsmoker,75,0.02162
t3352,Male,Preferred Nonsmoker,76,0.02437
t3352,Male,Preferred Nonsmoker,77,0.02742
t3352,Male,Preferred Nonsmoker,78,0.03085
t3352,Male,Preferred Nonsmoker,79,0.03479
t3352,Male,Preferred Nonsmoker,80,0.03937
t3352,Male,Preferred Nonsmoker,81,0.04461
t3352,Male,Preferred Nonsmoker,82,0.05061
t3352,Male,Preferred Nonsmoker,83,0.05758
t3352,Male,Preferred Nonsmoker,84,0.06567
t3352,Male,Preferred Nonsmoker,85,0.07508
t3352,Male,Preferred Nonsmoker,86,0.08593
t3352,Male,Preferred Nonsmoker,87,0.09833
t3352,Male,Preferred Nonsmoker,88,0.11207
t3352,Male,Preferred Nonsmoker,89,0.12688
t3352,Male,Preferred Nonsmoker,90,0.14245
t3352,Male,Preferred Nonsmoker,91,0.1583
t3352,Male,Preferred Nonsmoker,92,0.17413
t3352,Male,Preferred Nonsmoker,93,0.18948
t3352,Male,Preferred Nonsmoker,94,0.20365
t3352,Male,Preferred Nonsmoker,95,0.21845
t3352,Male,Preferred Nonsmoker,96,0.23554
t3352,Male,Preferred Nonsmoker,97,0.25392
t3352,Male,Preferred Nonsmoker,98,0.27364
t3352,Male,Preferred Nonsmoker,99,0.29431
t3352,Male,Preferred Nonsmoker,100,0.31552
t3352,Male,Preferred Nonsmoker,101,0.33699
t3352,Male,Preferred Nonsmoker,102,0.35854
t3352,Male,Preferred Nonsmoker,103,0.37981
t3352,Male,Preferred Nonsmoker,104,0.40044
t3352,Male,Preferred Nonsmoker,105,0.42009
t3352,Male,Preferred Nonsmoker,106,0.4384
t3352,Male,Preferred Nonsmoker,107,0.45501
t3352,Male,Preferred Nonsmoker,108,0.46956
t3352,Male,Preferred Nonsmoker,109,0.4817
t3352,Male,Preferred Nonsmoker,110,0.49107
t3352,Male,Preferred Nonsmoker,111,0.49731
t3352,Male,Preferred Nonsmoker,112,0.5
t3352,Male,Preferred Nonsmoker,113,0.5
t3352,Male,Preferred Nonsmoker,114,0.5
t3352,Male,Preferred Nonsmoker,115,0.5
t3352,Male,Preferred Nonsmoker,116,0.5
t3352,Male,Preferred Nonsmoker,117,0.5
t3352,Male,Preferred Nonsmoker,118,0.5
t3352,Male,Preferred Nonsmoker,119,0.5
t3352,Male,Preferred Nonsmoker,120,0.5
t3353,Male,Residual Nonsmoker,18,7.4e-4
t3353,Male,Residual Nonsmoker,19,7.7e-4
t3353,Male,Residual Nonsmoker,20,7.9e-4
t3353,Male,Residual Nonsmoker,21,7.8e-4
t3353,Male,Residual Nonsmoker,22,7.7e-4
t3353,Male,Residual Nonsmoker,23,7.6e-4
t3353,Male,Residual Nonsmoker,24,7.6e-4
t3353,Male,Residual Nonsmoker,25,7.3e-4
t3353,Male,Residual Nonsmoker,26,6.3e-4
t3353,Male,Residual Nonsmoker,27,5.8e-4
t3353,Male,Residual Nonsmoker,28,5.5e-4
t3353,Male,Residual Nonsmoker,29,5.2e-4
t3353,Male,Residual Nonsmoker,30,5e-4
t3353,Male,Residual Nonsmoker,31,5.4e-4
t3353,Male,Residual Nonsmoker,32,5.7e-4
t3353,Male,Residual Nonsmoker,33,6.4e-4
t3353,Male,Residual Nonsmoker,34,7.3e-4
t3353,Male,Residual Nonsmoker,35,8.5e-4
t3353,Male,Residual Nonsmoker,36,9.9e-4
t3353,Male,Residual Nonsmoker,37,0.00112
t3353,Male,Residual Nonsmoker,38,0.00123
t3353,Male,Residual Nonsmoker,39,0.0013
t3353,Male,Residual Nonsmoker,40,0.00137
t3353,Male,Residual Nonsmoker,41,0.00145
t3353,Male,Residual Nonsmoker,42,0.00154
t3353,Male,Residual Nonsmoker,43,0.00164
t3353,Male,Residual Nonsmoker,44,0.0017
t3353,Male,Residual Nonsmoker,45,0.00176
t3353,Male,Residual Nonsmoker,46,0.00182
t3353,Male,Residual Nonsmoker,47,0.00189
t3353,Male,Residual Nonsmoker,48,0.00197
t3353,Male,Residual Nonsmoker,49,0.00207
t3353,Male,Residual Nonsmoker,50,0.0022
t3353,Male,Residual Nonsmoker,51,0.00238
t3353,Male,Residual Nonsmoker,52,0.0026
t3353,Male,Residual Nonsmoker,53,0.00285
t3353,Male,Residual Nonsmoker,54,0.0031
t3353,Male,Residual Nonsmoker,55,0.00334
t3353,Male,Residual Nonsmoker,56,0.00358
t3353,Male,Residual Nonsmoker,57,0.00381
t3353,Male,Residual Nonsmoker,58,0.00407
t3353,Male,Residual Nonsmoker,59,0.00438
t3353,Male,Residual Nonsmoker,60,0.00478
t3353,Male,Residual Nonsmoker,61,0.00529
t3353,Male,Residual Nonsmoker,62,0.0059
t3353,Male,Residual Nonsmoker,63,0.00658
t3353,Male,Residual Nonsmoker,64,0.00731
t3353,Male,Residual Nonsmoker,65,0.00811
t3353,Male,Residual Nonsmoker,66,0.00895
t3353,Male,Residual Nonsmoker,67,0.00987
t3353,Male,Residual Nonsmoker,68,0.01089
t3353,Male,Residual Nonsmoker,69,0.012070000000000001
t3353,Male,Residual Nonsmoker,70,0.01345
t3353,Male,Residual Nonsmoker,71,0.01509
t3353,Male,Residual Nonsmoker,72,0.017
t3353,Male,Residual Nonsmoker,73,0.0192
t3353,Male,Residual Nonsmoker,74,0.02166
t3353,Male,Residual Nonsmoker,75,0.02437
t3353,Male,Residual Nonsmoker,76,0.02733
t3353,Male,Residual Nonsmoker,77,0.03057
t3353,Male,Residual Nonsmoker,78,0.0342
t3353,Male,Residual Nonsmoker,79,0.03834
t3353,Male,Residual Nonsmoker,80,0.04318
t3353,Male,Residual Nonsmoker,81,0.04875
t3353,Male,Residual Nonsmoker,82,0.0551
t3353,Male,Residual Nonsmoker,83,0.06244
t3353,Male,Residual Nonsmoker,84,0.07092
t3353,Male,Residual Nonsmoker,85,0.08072
t3353,Male,Residual Nonsmoker,86,0.09195
t3353,Male,Residual Nonsmoker,87,0.10466
t3353,Male,Residual Nonsmoker,88,0.11863
t3353,Male,Residual Nonsmoker,89,0.13352
t3353,Male,Residual Nonsmoker,90,0.14876
t3353,Male,Residual Nonsmoker,91,0.16378
t3353,Male,Residual Nonsmoker,92,0.17844
t3353,Male,Residual Nonsmoker,93,0.19231
t3353,Male,Residual Nonsmoker,94,0.20472
t3353,Male,Residual Nonsmoker,95,0.21845
t3353,Male,Residual Nonsmoker,96,0.23554
t3353,Male,Residual Nonsmoker,97,0.25392
t3353,Male,Residual Nonsmoker,98,0.27364
t3353,Male,Residual Nonsmoker,99,0.29431
t3353,Male,Residual Nonsmoker,100,0.31552
t3353,Male,Residual Nonsmoker,101,0.33699
t3353,Male,Residual Nonsmoker,102,0.35854
t3353,Male,Residual Nonsmoker,103,0.37981
t3353,Male,Residual Nonsmoker,104,0.40044
t3353,Male,Residual Nonsmoker,105,0.42009
t3353,Male,Residual Nonsmoker,106,0.4384
t3353,Male,Residual Nonsmoker,107,0.45501
t3353,Male,Residual Nonsmoker,108,0.46956
t3353,Male,Residual Nonsmoker,109,0.4817
t3353,Male,Residual Nonsmoker,110,0.49107
t3353,Male,Residual Nonsmoker,111,0.49731
t3353,Male,Residual Nonsmoker,112,0.5
t3353,Male,Residual Nonsmoker,113,0.5
t3353,Male,Residual Nonsmoker,114,0.5
t3353,Male,Residual Nonsmoker,115,0.5
t3353,Male,Residual Nonsmoker,116,0.5
t3353,Male,Residual Nonsmoker,117,0.5
t3353,Male,Residual Nonsmoker,118,0.5
t3353,Male,Residual Nonsmoker,119,0.5
t3353,Male,Residual Nonsmoker,120,0.5
t3354,Female,SuperPref Nonsmoker,18,2.3e-4
t3354,Female,SuperPref Nonsmoker,19,2.3e-4
t3354,Female,SuperPref Nonsmoker,20,2.2e-4
t3354,Female,SuperPref Nonsmoker,21,2.2e-4
t3354,Female,SuperPref Nonsmoker,22,2.2e-4
t3354,Female,SuperPref Nonsmoker,23,2.2e-4
t3354,Female,SuperPref Nonsmoker,24,2.2e-4
t3354,Female,SuperPref Nonsmoker,25,2.2e-4
t3354,Female,SuperPref Nonsmoker,26,2.2e-4
t3354,Female,SuperPref Nonsmoker,27,2.4e-4
t3354,Female,SuperPref Nonsmoker,28,2.5e-4
t3354,Female,SuperPref Nonsmoker,29,2.7e-4
t3354,Female,SuperPref Nonsmoker,30,2.8e-4
t3354,Female,SuperPref Nonsmoker,31,3e-4
t3354,Female,SuperPref Nonsmoker,32,3.4e-4
t3354,Female,SuperPref Nonsmoker,33,3.9e-4
t3354,Female,SuperPref Nonsmoker,34,4.5e-4
t3354,Female,SuperPref Nonsmoker,35,5.2e-4
t3354,Female,SuperPref Nonsmoker,36,5.8e-4
t3354,Female,SuperPref Nonsmoker,37,6.4e-4
t3354,Female,SuperPref Nonsmoker,38,6.9e-4
t3354,Female,SuperPref Nonsmoker,39,7.1e-4
t3354,Female,SuperPref Nonsmoker,40,7.2e-4
t3354,Female,SuperPref Nonsmoker,41,7.3e-4
t3354,Female,SuperPref Nonsmoker,42,7.3e-4
t3354,Female,SuperPref Nonsmoker,43,7.3e-4
t3354,Female,SuperPref Nonsmoker,44,7.4e-4
t3354,Female,SuperPref Nonsmoker,45,7.5e-4
t3354,Female,SuperPref Nonsmoker,46,7.8e-4
t3354,Female,SuperPref Nonsmoker,47,8.2e-4
t3354,Female,SuperPref Nonsmoker,48,8.7e-4
t3354,Female,SuperPref Nonsmoker,49,0.00093000000000000005
t3354,Female,SuperPref Nonsmoker,50,0.00101
t3354,Female,SuperPref Nonsmoker,51,0.00111
t3354,Female,SuperPref Nonsmoker,52,0.00123
t3354,Female,SuperPref Nonsmoker,53,0.00138
t3354,Female,SuperPref Nonsmoker,54,0.00154
t3354,Female,SuperPref Nonsmoker,55,0.0017
t3354,Female,SuperPref Nonsmoker,56,0.00185
t3354,Female,SuperPref Nonsmoker,57,0.002
t3354,Female,SuperPref Nonsmoker,58,0.00216
t3354,Female,SuperPref Nonsmoker,59,0.00234
t3354,Female,SuperPref Nonsmoker,60,0.00255
t3354,Female,SuperPref Nonsmoker,61,0.00279
t3354,Female,SuperPref Nonsmoker,62,0.00307
t3354,Female,SuperPref Nonsmoker,63,0.00339
t3354,Female,SuperPref Nonsmoker,64,0.00374
t3354,Female,SuperPref Nonsmoker,65,0.00412
t3354,Female,SuperPref Nonsmoker,66,0.00454
t3354,Female,SuperPref Nonsmoker,67,0.005
t3354,Female,SuperPref Nonsmoker,68,0.00551
t3354,Female,SuperPref Nonsmoker,69,0.0061
t3354,Female,SuperPref Nonsmoker,70,0.0068
t3354,Female,SuperPref Nonsmoker,71,0.00763
t3354,Female,SuperPref Nonsmoker,72,0.00862
t3354,Female,SuperPref Nonsmoker,73,0.00978
t3354,Female,SuperPref Nonsmoker,74,0.01113
t3354,Female,SuperPref Nonsmoker,75,0.01269
t3354,Female,SuperPref Nonsmoker,76,0.0145
t3354,Female,SuperPref Nonsmoker,77,0.01663
t3354,Female,SuperPref Nonsmoker,78,0.01916
t3354,Female,SuperPref Nonsmoker,79,0.02223
t3354,Female,SuperPref Nonsmoker,80,0.02585
t3354,Female,SuperPref Nonsmoker,81,0.02975
t3354,Female,SuperPref Nonsmoker,82,0.03385
t3354,Female,SuperPref Nonsmoker,83,0.03857
t3354,Female,SuperPref Nonsmoker,84,0.04519
t3354,Female,SuperPref Nonsmoker,85,0.05282
t3354,Female,SuperPref Nonsmoker,86,0.06043
t3354,Female,SuperPref Nonsmoker,87,0.06923
t3354,Female,SuperPref Nonsmoker,88,0.07931
t3354,Female,SuperPref Nonsmoker,89,0.09053
t3354,Female,SuperPref Nonsmoker,90,0.10276
t3354,Female,SuperPref Nonsmoker,91,0.11605
t3354,Female,SuperPref Nonsmoker,92,0.13057
t3354,Female,SuperPref Nonsmoker,93,0.14599
t3354,Female,SuperPref Nonsmoker,94,0.16239
t3354,Female,SuperPref Nonsmoker,95,0.18074
t3354,Female,SuperPref Nonsmoker,96,0.20127
t3354,Female,SuperPref Nonsmoker,97,0.22374
t3354,Female,SuperPref Nonsmoker,98,0.24802
t3354,Female,SuperPref Nonsmoker,99,0.27379
t3354,Female,SuperPref Nonsmoker,100,0.29921
t3354,Female,SuperPref Nonsmoker,101,0.32314
t3354,Female,SuperPref Nonsmoker,102,0.34698
t3354,Female,SuperPref Nonsmoker,103,0.37036
t3354,Female,SuperPref Nonsmoker,104,0.39292
t3354,Female,SuperPref Nonsmoker,105,0.4143
t3354,Female,SuperPref Nonsmoker,106,0.43413
t3354,Female,SuperPref Nonsmoker,107,0.45205
t3354,Female,SuperPref Nonsmoker,108,0.46769
t3354,Female,SuperPref Nonsmoker,109,0.48068
t3354,Female,SuperPref Nonsmoker,110,0.49065
t3354,Female,SuperPref Nonsmoker,111,0.49723
t3354,Female,SuperPref Nonsmoker,112,0.5
t3354,Female,SuperPref Nonsmoker,113,0.5
t3354,Female,SuperPref Nonsmoker,114,0.5
t3354,Female,SuperPref Nonsmoker,115,0.5
t3354,Female,SuperPref Nonsmoker,116,0.5
t3354,Female,SuperPref Nonsmoker,117,0.5
t3354,Female,SuperPref Nonsmoker,118,0.5
t3354,Female,SuperPref Nonsmoker,119,0.5
t3354,Female,SuperPref Nonsmoker,120,0.5
t3355,Female,Preferred Nonsmoker,18,2.7e-4
t3355,Female,Preferred Nonsmoker,19,2.6e-4
t3355,Female,Preferred Nonsmoker,20,2.6e-4
t3355,Female,Preferred Nonsmoker,21,2.6e-4
t3355,Female,Preferred Nonsmoker,22,2.6e-4
t3355,Female,Preferred Nonsmoker,23,2.6e-4
t3355,Female,Preferred Nonsmoker,24,2.6e-4
t3355,Female,Preferred Nonsmoker,25,2.5e-4
t3355,Female,Preferred Nonsmoker,26,2.6e-4
t3355,Female,Preferred Nonsmoker,27,2.7e-4
t3355,Female,Preferred Nonsmoker,28,3e-4
t3355,Female,Preferred Nonsmoker,29,3.1e-4
t3355,Female,Preferred Nonsmoker,30,3.3e-4
t3355,Female,Preferred Nonsmoker,31,3.5e-4
t3355,Female,Preferred Nonsmoker,32,3.9e-4
t3355,Female,Preferred Nonsmoker,33,4.5e-4
t3355,Female,Preferred Nonsmoker,34,5.2e-4
t3355,Female,Preferred Nonsmoker,35,6e-4
t3355,Female,Preferred Nonsmoker,36,6.8e-4
t3355,Female,Preferred Nonsmoker,37,7.5e-4
t3355,Female,Preferred Nonsmoker,38,8.1e-4
t3355,Female,Preferred Nonsmoker,39,8.3e-4
t3355,Female,Preferred Nonsmoker,40,8.4e-4
t3355,Female,Preferred Nonsmoker,41,8.5e-4
t3355,Female,Preferred Nonsmoker,42,8.5e-4
t3355,Female,Preferred Nonsmoker,43,8.5e-4
t3355,Female,Preferred Nonsmoker,44,8.6e-4
t3355,Female,Preferred Nonsmoker,45,8.8e-4
t3355,Female,Preferred Nonsmoker,46,9.1e-4
t3355,Female,Preferred Nonsmoker,47,9.6e-4
t3355,Female,Preferred Nonsmoker,48,0.00102
t3355,Female,Preferred Nonsmoker,49,0.0011
t3355,Female,Preferred Nonsmoker,50,0.00119
t3355,Female,Preferred Nonsmoker,51,0.00131
t3355,Female,Preferred Nonsmoker,52,0.00147
t3355,Female,Preferred Nonsmoker,53,0.00165
t3355,Female,Preferred Nonsmoker,54,0.00185
t3355,Female,Preferred Nonsmoker,55,0.00204
t3355,Female,Preferred Nonsmoker,56,0.00223
t3355,Female,Preferred Nonsmoker,57,0.00242
t3355,Female,Preferred Nonsmoker,58,0.00261
t3355,Female,Preferred Nonsmoker,59,0.00282
t3355,Female,Preferred Nonsmoker,60,0.00307
t3355,Female,Preferred Nonsmoker,61,0.00336
t3355,Female,Preferred Nonsmoker,62,0.00369
t3355,Female,Preferred Nonsmoker,63,0.00406
t3355,Female,Preferred Nonsmoker,64,0.00446
t3355,Female,Preferred Nonsmoker,65,0.00491
t3355,Female,Preferred Nonsmoker,66,0.00538
t3355,Female,Preferred Nonsmoker,67,0.0059
t3355,Female,Preferred Nonsmoker,68,0.00648
t3355,Female,Preferred Nonsmoker,69,0.00714
t3355,Female,Preferred Nonsmoker,70,0.00792
t3355,Female,Preferred Nonsmoker,71,0.00884
t3355,Female,Preferred Nonsmoker,72,0.00993
t3355,Female,Preferred Nonsmoker,73,0.01119
t3355,Female,Preferred Nonsmoker,74,0.01266
t3355,Female,Preferred Nonsmoker,75,0.01435
t3355,Female,Preferred Nonsmoker,76,0.01629
t3355,Female,Preferred Nonsmoker,77,0.01856
t3355,Female,Preferred Nonsmoker,78,0.02123
t3355,Female,Preferred Nonsmoker,79,0.02446
t3355,Female,Preferred Nonsmoker,80,0.02827
t3355,Female,Preferred Nonsmoker,81,0.03234
t3355,Female,Preferred Nonsmoker,82,0.03657
t3355,Female,Preferred Nonsmoker,83,0.04143
t3355,Female,Preferred Nonsmoker,84,0.04815
t3355,Female,Preferred Nonsmoker,85,0.05588
t3355,Female,Preferred Nonsmoker,86,0.06356
t3355,Female,Preferred Nonsmoker,87,0.0724
t3355,Female,Preferred Nonsmoker,88,0.08248
t3355,Female,Preferred Nonsmoker,89,0.09363
t3355,Female,Preferred Nonsmoker,90,0.1057
t3355,Female,Preferred Nonsmoker,91,0.11871
t3355,Female,Preferred Nonsmoker,92,0.13283
t3355,Female,Preferred Nonsmoker,93,0.14761
t3355,Female,Preferred Nonsmoker,94,0.16303
t3355,Female,Preferred Nonsmoker,95,0.18074
t3355,Female,Preferred Nonsmoker,96,0.20127
t3355,Female,Preferred Nonsmoker,97,0.22374
t3355,Female,Preferred Nonsmoker,98,0.24802
t3355,Female,Preferred Nonsmoker,99,0.27379
t3355,Female,Preferred Nonsmoker,100,0.29921
t3355,Female,Preferred Nonsmoker,101,0.32314
t3355,Female,Preferred Nonsmoker,102,0.34698
t3355,Female,Preferred Nonsmoker,103,0.37036
t3355,Female,Preferred Nonsmoker,104,0.39292
t3355,Female,Preferred Nonsmoker,105,0.4143
t3355,Female,Preferred Nonsmoker,106,0.43413
t3355,Female,Preferred Nonsmoker,107,0.45205
t3355,Female,Preferred Nonsmoker,108,0.46769
t3355,Female,Preferred Nonsmoker,109,0.48068
t3355,Female,Preferred Nonsmoker,110,0.49065
t3355,Female,Preferred Nonsmoker,111,0.49723
t3355,Female,Preferred Nonsmoker,112,0.5
t3355,Female,Preferred Nonsmoker,113,0.5
t3355,Female,Preferred Nonsmoker,114,0.5
t3355,Female,Preferred Nonsmoker,115,0.5
t3355,Female,Preferred Nonsmoker,116,0.5
t3355,Female,Preferred Nonsmoker,117,0.5
t3355,Female,Preferred Nonsmoker,118,0.5
t3355,Female,Preferred Nonsmoker,119,0.5
t3355,Female,Preferred Nonsmoker,120,0.5
t3356,Female,Residual Nonsmoker,18,3.4e-4
t3356,Female,Residual Nonsmoker,19,3.4e-4
t3356,Female,Residual Nonsmoker,20,3.3e-4
t3356,Female,Residual Nonsmoker,21,3.3e-4
t3356,Female,Residual Nonsmoker,22,3.4e-4
t3356,Female,Residual Nonsmoker,23,3.4e-4
t3356,Female,Residual Nonsmoker,24,3.3e-4
t3356,Female,Residual Nonsmoker,25,3.3e-4
t3356,Female,Residual Nonsmoker,26,3.4e-4
t3356,Female,Residual Nonsmoker,27,3.6e-4
t3356,Female,Residual Nonsmoker,28,3.8e-4
t3356,Female,Residual Nonsmoker,29,4.1e-4
t3356,Female,Residual Nonsmoker,30,4.2e-4
t3356,Female,Residual Nonsmoker,31,4.5e-4
t3356,Female,Residual Nonsmoker,32,5.1e-4
t3356,Female,Residual Nonsmoker,33,5.9e-4
t3356,Female,Residual Nonsmoker,34,6.8e-4
t3356,Female,Residual Nonsmoker,35,7.8e-4
t3356,Female,Residual Nonsmoker,36,8.8e-4
t3356,Female,Residual Nonsmoker,37,9.7e-4
t3356,Female,Residual Nonsmoker,38,0.00105
t3356,Female,Residual Nonsmoker,39,0.00108
t3356,Female,Residual Nonsmoker,40,0.00109
t3356,Female,Residual Nonsmoker,41,0.0011
t3356,Female,Residual Nonsmoker,42,0.0011
t3356,Female,Residual Nonsmoker,43,0.0011
t3356,Female,Residual Nonsmoker,44,0.00111
t3356,Female,Residual Nonsmoker,45,0.00113
t3356,Female,Residual Nonsmoker,46,0.00118
t3356,Female,Residual Nonsmoker,47,0.00123
t3356,Female,Residual Nonsmoker,48,0.00129
t3356,Female,Residual Nonsmoker,49,0.00138
t3356,Female,Residual Nonsmoker,50,0.00149
t3356,Female,Residual Nonsmoker,51,0.00164
t3356,Female,Residual Nonsmoker,52,0.00182
t3356,Female,Residual Nonsmoker,53,0.00204
t3356,Female,Residual Nonsmoker,54,0.00227
t3356,Female,Residual Nonsmoker,55,0.0025
t3356,Female,Residual Nonsmoker,56,0.00272
t3356,Female,Residual Nonsmoker,57,0.00294
t3356,Female,Residual Nonsmoker,58,0.00316
t3356,Female,Residual Nonsmoker,59,0.00341
t3356,Female,Residual Nonsmoker,60,0.0037
t3356,Female,Residual Nonsmoker,61,0.00404
t3356,Female,Residual Nonsmoker,62,0.00442
t3356,Female,Residual Nonsmoker,63,0.00486
t3356,Female,Residual Nonsmoker,64,0.00533
t3356,Female,Residual Nonsmoker,65,0.00584
t3356,Female,Residual Nonsmoker,66,0.00639
t3356,Female,Residual Nonsmoker,67,0.00699
t3356,Female,Residual Nonsmoker,68,0.00765
t3356,Female,Residual Nonsmoker,69,0.00839
t3356,Female,Residual Nonsmoker,70,0.00927
t3356,Female,Residual Nonsmoker,71,0.01031
t3356,Female,Residual Nonsmoker,72,0.01151
t3356,Female,Residual Nonsmoker,73,0.01291
t3356,Female,Residual Nonsmoker,74,0.01452
t3356,Female,Residual Nonsmoker,75,0.01634
t3356,Female,Residual Nonsmoker,76,0.01844
t3356,Female,Residual Nonsmoker,77,0.02085
t3356,Female,Residual Nonsmoker,78,0.02368
t3356,Female,Residual Nonsmoker,79,0.02707
t3356,Female,Residual Nonsmoker,80,0.03108
t3356,Female,Residual Nonsmoker,81,0.03533
t3356,Female,Residual Nonsmoker,82,0.03971
t3356,Female,Residual Nonsmoker,83,0.04473
t3356,Female,Residual Nonsmoker,84,0.05155
t3356,Female,Residual Nonsmoker,85,0.05938
t3356,Female,Residual Nonsmoker,86,0.06717
t3356,Female,Residual Nonsmoker,87,0.07604
t3356,Female,Residual Nonsmoker,88,0.08614
t3356,Female,Residual Nonsmoker,89,0.09722
t3356,Female,Residual Nonsmoker,90,0.10912
t3356,Female,Residual Nonsmoker,91,0.12183
t3356,Female,Residual Nonsmoker,92,0.13547
t3356,Female,Residual Nonsmoker,93,0.14951
t3356,Female,Residual Nonsmoker,94,0.1638
t3356,Female,Residual Nonsmoker,95,0.18074
t3356,Female,Residual Nonsmoker,96,0.20127
t3356,Female,Residual Nonsmoker,97,0.22374
t3356,Female,Residual Nonsmoker,98,0.24802
t3356,Female,Residual Nonsmoker,99,0.27379
t3356,Female,Residual Nonsmoker,100,0.29921
t3356,Female,Residual Nonsmoker,101,0.32314
t3356,Female,Residual Nonsmoker,102,0.34698
t3356,Female,Residual Nonsmoker,103,0.37036
t3356,Female,Residual Nonsmoker,104,0.39292
t3356,Female,Residual Nonsmoker,105,0.4143
t3356,Female,Residual Nonsmoker,106,0.43413
t3356,Female,Residual Nonsmoker,107,0.45205
t3356,Female,Residual Nonsmoker,108,0.46769
t3356,Female,Residual Nonsmoker,109,0.48068
t3356,Female,Residual Nonsmoker,110,0.49065
t3356,Female,Residual Nonsmoker,111,0.49723
t3356,Female,Residual Nonsmoker,112,0.5
t3356,Female,Residual Nonsmoker,113,0.5
t3356,Female,Residual Nonsmoker,114,0.5
t3356,Female,Residual Nonsmoker,115,0.5
t3356,Female,Residual Nonsmoker,116,0.5
t3356,Female,Residual Nonsmoker,117,0.5
t3356,Female,Residual Nonsmoker,118,0.5
t3356,Female,Residual Nonsmoker,119,0.5
t3356,Female,Residual Nonsmoker,120,0.5
t3357,Male,Preferred Smoker,18,6.4e-4
t3357,Male,Preferred Smoker,19,6.7e-4
t3357,Male,Preferred Smoker,20,6.9e-4
t3357,Male,Preferred Smoker,21,7.2e-4
t3357,Male,Preferred Smoker,22,7.4e-4
t3357,Male,Preferred Smoker,23,7.7e-4
t3357,Male,Preferred Smoker,24,8e-4
t3357,Male,Preferred Smoker,25,8.1e-4
t3357,Male,Preferred Smoker,26,8.1e-4
t3357,Male,Preferred Smoker,27,8e-4
t3357,Male,Preferred Smoker,28,7.8e-4
t3357,Male,Preferred Smoker,29,7.8e-4
t3357,Male,Preferred Smoker,30,8e-4
t3357,Male,Preferred Smoker,31,8.4e-4
t3357,Male,Preferred Smoker,32,9e-4
t3357,Male,Preferred Smoker,33,9.7e-4
t3357,Male,Preferred Smoker,34,0.00105
t3357,Male,Preferred Smoker,35,0.00114
t3357,Male,Preferred Smoker,36,0.00124
t3357,Male,Preferred Smoker,37,0.00136
t3357,Male,Preferred Smoker,38,0.00151
t3357,Male,Preferred Smoker,39,0.00171
t3357,Male,Preferred Smoker,40,0.00192
t3357,Male,Preferred Smoker,41,0.00214
t3357,Male,Preferred Smoker,42,0.00235
t3357,Male,Preferred Smoker,43,0.00253
t3357,Male,Preferred Smoker,44,0.00266
t3357,Male,Preferred Smoker,45,0.0028
t3357,Male,Preferred Smoker,46,0.00298
t3357,Male,Preferred Smoker,47,0.00317
t3357,Male,Preferred Smoker,48,0.00338
t3357,Male,Preferred Smoker,49,0.00362
t3357,Male,Preferred Smoker,50,0.00389
t3357,Male,Preferred Smoker,51,0.0042
t3357,Male,Preferred Smoker,52,0.00455
t3357,Male,Preferred Smoker,53,0.00494
t3357,Male,Preferred Smoker,54,0.00537
t3357,Male,Preferred Smoker,55,0.00587
t3357,Male,Preferred Smoker,56,0.00643
t3357,Male,Preferred Smoker,57,0.00707
t3357,Male,Preferred Smoker,58,0.0078
t3357,Male,Preferred Smoker,59,0.00864
t3357,Male,Preferred Smoker,60,0.0096
t3357,Male,Preferred Smoker,61,0.01071
t3357,Male,Preferred Smoker,62,0.01195
t3357,Male,Preferred Smoker,63,0.01332
t3357,Male,Preferred Smoker,64,0.01484
t3357,Male,Preferred Smoker,65,0.0165
t3357,Male,Preferred Smoker,66,0.01827
t3357,Male,Preferred Smoker,67,0.02014
t3357,Male,Preferred Smoker,68,0.02216
t3357,Male,Preferred Smoker,69,0.02439
t3357,Male,Preferred Smoker,70,0.02693
t3357,Male,Preferred Smoker,71,0.02982
t3357,Male,Preferred Smoker,72,0.03304
t3357,Male,Preferred Smoker,73,0.03651
t3357,Male,Preferred Smoker,74,0.04014
t3357,Male,Preferred Smoker,75,0.04382
t3357,Male,Preferred Smoker,76,0.04748
t3357,Male,Preferred Smoker,77,0.05115
t3357,Male,Preferred Smoker,78,0.05492
t3357,Male,Preferred Smoker,79,0.05894
t3357,Male,Preferred Smoker,80,0.06329
t3357,Male,Preferred Smoker,81,0.06789
t3357,Male,Preferred Smoker,82,0.07375
t3357,Male,Preferred Smoker,83,0.08134
t3357,Male,Preferred Smoker,84,0.08994
t3357,Male,Preferred Smoker,85,0.09972
t3357,Male,Preferred Smoker,86,0.11071
t3357,Male,Preferred Smoker,87,0.12288
t3357,Male,Preferred Smoker,88,0.13595
t3357,Male,Preferred Smoker,89,0.14956
t3357,Male,Preferred Smoker,90,0.16343
t3357,Male,Preferred Smoker,91,0.17715
t3357,Male,Preferred Smoker,92,0.19047
t3357,Male,Preferred Smoker,93,0.20311
t3357,Male,Preferred Smoker,94,0.21448
t3357,Male,Preferred Smoker,95,0.22652
t3357,Male,Preferred Smoker,96,0.24113
t3357,Male,Preferred Smoker,97,0.25732
t3357,Male,Preferred Smoker,98,0.2753
t3357,Male,Preferred Smoker,99,0.29479
t3357,Male,Preferred Smoker,100,0.31552
t3357,Male,Preferred Smoker,101,0.33699
t3357,Male,Preferred Smoker,102,0.35854
t3357,Male,Preferred Smoker,103,0.37981
t3357,Male,Preferred Smoker,104,0.40044
t3357,Male,Preferred Smoker,105,0.42009
t3357,Male,Preferred Smoker,106,0.4384
t3357,Male,Preferred Smoker,107,0.45501
t3357,Male,Preferred Smoker,108,0.46956
t3357,Male,Preferred Smoker,109,0.4817
t3357,Male,Preferred Smoker,110,0.49107
t3357,Male,Preferred Smoker,111,0.49731
t3357,Male,Preferred Smoker,112,0.5
t3357,Male,Preferred Smoker,113,0.5
t3357,Male,Preferred Smoker,114,0.5
t3357,Male,Preferred Smoker,115,0.5
t3357,Male,Preferred Smoker,116,0.5
t3357,Male,Preferred Smoker,117,0.5
t3357,Male,Preferred Smoker,118,0.5
t3357,Male,Preferred Smoker,119,0.5
t3357,Male,Preferred Smoker,120,0.5
t3358,Male,Residual Smoker,18,7.3e-4
t3358,Male,Residual Smoker,19,7.7e-4
t3358,Male,Residual Smoker,20,7.9e-4
t3358,Male,Residual Smoker,21,8.2e-4
t3358,Male,Residual Smoker,22,8.4e-4
t3358,Male,Residual Smoker,23,8.7e-4
t3358,Male,Residual Smoker,24,9e-4
t3358,Male,Residual Smoker,25,9.2e-4
t3358,Male,Residual Smoker,26,9.1e-4
t3358,Male,Residual Smoker,27,9e-4
t3358,Male,Residual Smoker,28,8.9e-4
t3358,Male,Residual Smoker,29,8.9e-4
t3358,Male,Residual Smoker,30,9.1e-4
t3358,Male,Residual Smoker,31,9.6e-4
t3358,Male,Residual Smoker,32,0.00103
t3358,Male,Residual Smoker,33,0.0011
t3358,Male,Residual Smoker,34,0.00119
t3358,Male,Residual Smoker,35,0.00129
t3358,Male,Residual Smoker,36,0.0014
t3358,Male,Residual Smoker,37,0.00155
t3358,Male,Residual Smoker,38,0.00172
t3358,Male,Residual Smoker,39,0.00194
t3358,Male,Residual Smoker,40,0.00218
t3358,Male,Residual Smoker,41,0.00243
t3358,Male,Residual Smoker,42,0.00267
t3358,Male,Residual Smoker,43,0.00288
t3358,Male,Residual Smoker,44,0.00303
t3358,Male,Residual Smoker,45,0.00319
t3358,Male,Residual Smoker,46,0.0034
t3358,Male,Residual Smoker,47,0.00362
t3358,Male,Residual Smoker,48,0.00387
t3358,Male,Residual Smoker,49,0.00415
t3358,Male,Residual Smoker,50,0.00446
t3358,Male,Residual Smoker,51,0.00483
t3358,Male,Residual Smoker,52,0.00523
t3358,Male,Residual Smoker,53,0.00568
t3358,Male,Residual Smoker,54,0.00618
t3358,Male,Residual Smoker,55,0.00675
t3358,Male,Residual Smoker,56,0.0074
t3358,Male,Residual Smoker,57,0.00812
t3358,Male,Residual Smoker,58,0.00895
t3358,Male,Residual Smoker,59,0.00989
t3358,Male,Residual Smoker,60,0.01097
t3358,Male,Residual Smoker,61,0.0122
t3358,Male,Residual Smoker,62,0.01358
t3358,Male,Residual Smoker,63,0.01509
t3358,Male,Residual Smoker,64,0.01675
t3358,Male,Residual Smoker,65,0.01856
t3358,Male,Residual Smoker,66,0.02047
t3358,Male,Residual Smoker,67,0.02247
t3358,Male,Residual Smoker,68,0.02462
t3358,Male,Residual Smoker,69,0.02699
t3358,Male,Residual Smoker,70,0.02967
t3358,Male,Residual Smoker,71,0.03271
t3358,Male,Residual Smoker,72,0.03608
t3358,Male,Residual Smoker,73,0.0397
t3358,Male,Residual Smoker,74,0.04345
t3358,Male,Residual Smoker,75,0.04721
t3358,Male,Residual Smoker,76,0.05092
t3358,Male,Residual Smoker,77,0.05459
t3358,Male,Residual Smoker,78,0.05833
t3358,Male,Residual Smoker,79,0.06228
t3358,Male,Residual Smoker,80,0.06659
t3358,Male,Residual Smoker,81,0.07118
t3358,Male,Residual Smoker,82,0.07705
t3358,Male,Residual Smoker,83,0.08467
t3358,Male,Residual Smoker,84,0.0933
t3358,Male,Residual Smoker,85,0.10308
t3358,Male,Residual Smoker,86,0.11406
t3358,Male,Residual Smoker,87,0.12618
t3358,Male,Residual Smoker,88,0.13915
t3358,Male,Residual Smoker,89,0.1526
t3358,Male,Residual Smoker,90,0.16617
t3358,Male,Residual Smoker,91,0.1794
t3358,Male,Residual Smoker,92,0.19217
t3358,Male,Residual Smoker,93,0.20418
t3358,Male,Residual Smoker,94,0.21487
t3358,Male,Residual Smoker,95,0.22652
t3358,Male,Residual Smoker,96,0.24113
t3358,Male,Residual Smoker,97,0.25732
t3358,Male,Residual Smoker,98,0.2753
t3358,Male,Residual Smoker,99,0.29479
t3358,Male,Residual Smoker,100,0.31552
t3358,Male,Residual Smoker,101,0.33699
t3358,Male,Residual Smoker,102,0.35854
t3358,Male,Residual Smoker,103,0.37981
t3358,Male,Residual Smoker,104,0.40044
t3358,Male,Residual Smoker,105,0.42009
t3358,Male,Residual Smoker,106,0.4384
t3358,Male,Residual Smoker,107,0.45501
t3358,Male,Residual Smoker,108,0.46956
t3358,Male,Residual Smoker,109,0.4817
t3358,Male,Residual Smoker,110,0.49107
t3358,Male,Residual Smoker,111,0.49731
t3358,Male,Residual Smoker,112,0.5
t3358,Male,Residual Smoker,113,0.5
t3358,Male,Residual Smoker,114,0.5
t3358,Male,Residual Smoker,115,0.5
t3358,Male,Residual Smoker,116,0.5
t3358,Male,Residual Smoker,117,0.5
t3358,Male,Residual Smoker,118,0.5
t3358,Male,Residual Smoker,119,0.5
t3358,Male,Residual Smoker,120,0.5
t3359,Female,Preferred Smoker,18,2.6e-4
t3359,Female,Preferred Smoker,19,2.6e-4
t3359,Female,Preferred Smoker,20,2.5e-4
t3359,Female,Preferred Smoker,21,2.5e-4
t3359,Female,Preferred Smoker,22,2.6e-4
t3359,Female,Preferred Smoker,23,2.8e-4
t3359,Female,Preferred Smoker,24,3.1e-4
t3359,Female,Preferred Smoker,25,3.2e-4
t3359,Female,Preferred Smoker,26,3.2e-4
t3359,Female,Preferred Smoker,27,3.3e-4
t3359,Female,Preferred Smoker,28,3.4e-4
t3359,Female,Preferred Smoker,29,3.6e-4
t3359,Female,Preferred Smoker,30,3.9e-4
t3359,Female,Preferred Smoker,31,4.2e-4
t3359,Female,Preferred Smoker,32,4.5e-4
t3359,Female,Preferred Smoker,33,5.4e-4
t3359,Female,Preferred Smoker,34,6.5e-4
t3359,Female,Preferred Smoker,35,7.5e-4
t3359,Female,Preferred Smoker,36,8.9e-4
t3359,Female,Preferred Smoker,37,0.00103
t3359,Female,Preferred Smoker,38,0.00116
t3359,Female,Preferred Smoker,39,0.00127
t3359,Female,Preferred Smoker,40,0.00136
t3359,Female,Preferred Smoker,41,0.00144
t3359,Female,Preferred Smoker,42,0.00151
t3359,Female,Preferred Smoker,43,0.00159
t3359,Female,Preferred Smoker,44,0.00168
t3359,Female,Preferred Smoker,45,0.00181
t3359,Female,Preferred Smoker,46,0.00197
t3359,Female,Preferred Smoker,47,0.00215
t3359,Female,Preferred Smoker,48,0.00235
t3359,Female,Preferred Smoker,49,0.00258
t3359,Female,Preferred Smoker,50,0.00283
t3359,Female,Preferred Smoker,51,0.0031
t3359,Female,Preferred Smoker,52,0.00341
t3359,Female,Preferred Smoker,53,0.00374
t3359,Female,Preferred Smoker,54,0.00411
t3359,Female,Preferred Smoker,55,0.00453
t3359,Female,Preferred Smoker,56,0.00501
t3359,Female,Preferred Smoker,57,0.00555
t3359,Female,Preferred Smoker,58,0.00616
t3359,Female,Preferred Smoker,59,0.00684
t3359,Female,Preferred Smoker,60,0.0076
t3359,Female,Preferred Smoker,61,0.00845
t3359,Female,Preferred Smoker,62,0.00938
t3359,Female,Preferred Smoker,63,0.01042
t3359,Female,Preferred Smoker,64,0.01155
t3359,Female,Preferred Smoker,65,0.01279
t3359,Female,Preferred Smoker,66,0.01413
t3359,Female,Preferred Smoker,67,0.01556
t3359,Female,Preferred Smoker,68,0.01707
t3359,Female,Preferred Smoker,69,0.01872
t3359,Female,Preferred Smoker,70,0.02055
t3359,Female,Preferred Smoker,71,0.02247
t3359,Female,Preferred Smoker,72,0.02447
t3359,Female,Preferred Smoker,73,0.02666
t3359,Female,Preferred Smoker,74,0.02908
t3359,Female,Preferred Smoker,75,0.03177
t3359,Female,Preferred Smoker,76,0.03476
t3359,Female,Preferred Smoker,77,0.03809
t3359,Female,Preferred Smoker,78,0.04177
t3359,Female,Preferred Smoker,79,0.04624
t3359,Female,Preferred Smoker,80,0.05184
t3359,Female,Preferred Smoker,81,0.05836
t3359,Female,Preferred Smoker,82,0.06572
t3359,Female,Preferred Smoker,83,0.0736
t3359,Female,Preferred Smoker,84,0.0813
t3359,Female,Preferred Smoker,85,0.0906
t3359,Female,Preferred Smoker,86,0.10141
t3359,Female,Preferred Smoker,87,0.11208
t3359,Female,Preferred Smoker,88,0.1236
t3359,Female,Preferred Smoker,89,0.13578
t3359,Female,Preferred Smoker,90,0.14831
t3359,Female,Preferred Smoker,91,0.16111
t3359,Female,Preferred Smoker,92,0.17431
t3359,Female,Preferred Smoker,93,0.18729
t3359,Female,Preferred Smoker,94,0.19997
t3359,Female,Preferred Smoker,95,0.21401
t3359,Female,Preferred Smoker,96,0.22982
t3359,Female,Preferred Smoker,97,0.24627
t3359,Female,Preferred Smoker,98,0.26304
t3359,Female,Preferred Smoker,99,0.27966
t3359,Female,Preferred Smoker,100,0.29921
t3359,Female,Preferred Smoker,101,0.32314
t3359,Female,Preferred Smoker,102,0.34698
t3359,Female,Preferred Smoker,103,0.37036
t3359,Female,Preferred Smoker,104,0.39292
t3359,Female,Preferred Smoker,105,0.4143
t3359,Female,Preferred Smoker,106,0.43413
t3359,Female,Preferred Smoker,107,0.45205
t3359,Female,Preferred Smoker,108,0.46769
t3359,Female,Preferred Smoker,109,0.48068
t3359,Female,Preferred Smoker,110,0.49065
t3359,Female,Preferred Smoker,111,0.49723
t3359,Female,Preferred Smoker,112,0.5
t3359,Female,Preferred Smoker,113,0.5
t3359,Female,Preferred Smoker,114,0.5
t3359,Female,Preferred Smoker,115,0.5
t3359,Female,Preferred Smoker,116,0.5
t3359,Female,Preferred Smoker,117,0.5
t3359,Female,Preferred Smoker,118,0.5
t3359,Female,Preferred Smoker,119,0.5
t3359,Female,Preferred Smoker,120,0.5
t3360,Female,Residual Smoker,18,3.4e-4
t3360,Female,Residual Smoker,19,3.4e-4
t3360,Female,Residual Smoker,20,3.3e-4
t3360,Female,Residual Smoker,21,3.3e-4
t3360,Female,Residual Smoker,22,3.4e-4
t3360,Female,Residual Smoker,23,3.6e-4
t3360,Female,Residual Smoker,24,3.9e-4
t3360,Female,Residual Smoker,25,3.9e-4
t3360,Female,Residual Smoker,26,4e-4
t3360,Female,Residual Smoker,27,4e-4
t3360,Female,Residual Smoker,28,4.2e-4
t3360,Female,Residual Smoker,29,4.5e-4
t3360,Female,Residual Smoker,30,4.8e-4
t3360,Female,Residual Smoker,31,5.2e-4
t3360,Female,Residual Smoker,32,5.5e-4
t3360,Female,Residual Smoker,33,6.7e-4
t3360,Female,Residual Smoker,34,8.1e-4
t3360,Female,Residual Smoker,35,0.00093000000000000005
t3360,Female,Residual Smoker,36,0.0011
t3360,Female,Residual Smoker,37,0.00128
t3360,Female,Residual Smoker,38,0.00145
t3360,Female,Residual Smoker,39,0.00158
t3360,Female,Residual Smoker,40,0.00169
t3360,Female,Residual Smoker,41,0.00179
t3360,Female,Residual Smoker,42,0.00189
t3360,Female,Residual Smoker,43,0.002
t3360,Female,Residual Smoker,44,0.00212
t3360,Female,Residual Smoker,45,0.00229
t3360,Female,Residual Smoker,46,0.00251
t3360,Female,Residual Smoker,47,0.00275
t3360,Female,Residual Smoker,48,0.00301
t3360,Female,Residual Smoker,49,0.00331
t3360,Female,Residual Smoker,50,0.00364
t3360,Female,Residual Smoker,51,0.00401
t3360,Female,Residual Smoker,52,0.00441
t3360,Female,Residual Smoker,53,0.00485
t3360,Female,Residual Smoker,54,0.00534
t3360,Female,Residual Smoker,55,0.00588
t3360,Female,Residual Smoker,56,0.00649
t3360,Female,Residual Smoker,57,0.00717
t3360,Female,Residual Smoker,58,0.00793
t3360,Female,Residual Smoker,59,0.00876
t3360,Female,Residual Smoker,60,0.00968
t3360,Female,Residual Smoker,61,0.01068
t3360,Female,Residual Smoker,62,0.01178
t3360,Female,Residual Smoker,63,0.01297
t3360,Female,Residual Smoker,64,0.01426
t3360,Female,Residual Smoker,65,0.01564
t3360,Female,Residual Smoker,66,0.01711
t3360,Female,Residual Smoker,67,0.01866
t3360,Female,Residual Smoker,68,0.02028
t3360,Female,Residual Smoker,69,0.02201
t3360,Female,Residual Smoker,70,0.02393
t3360,Female,Residual Smoker,71,0.02591
t3360,Female,Residual Smoker,72,0.02796
t3360,Female,Residual Smoker,73,0.03019
t3360,Female,Residual Smoker,74,0.03263
t3360,Female,Residual Smoker,75,0.03534
t3360,Female,Residual Smoker,76,0.03836
t3360,Female,Residual Smoker,77,0.0417
t3360,Female,Residual Smoker,78,0.04537
t3360,Female,Residual Smoker,79,0.04988
t3360,Female,Residual Smoker,80,0.05556
t3360,Female,Residual Smoker,81,0.06219
t3360,Female,Residual Smoker,82,0.06967
t3360,Female,Residual Smoker,83,0.07765
t3360,Female,Residual Smoker,84,0.08523
t3360,Female,Residual Smoker,85,0.09442
t3360,Female,Residual Smoker,86,0.10524
t3360,Female,Residual Smoker,87,0.11579
t3360,Female,Residual Smoker,88,0.12717
t3360,Female,Residual Smoker,89,0.13914
t3360,Female,Residual Smoker,90,0.15137
t3360,Female,Residual Smoker,91,0.16377
t3360,Female,Residual Smoker,92,0.17647
t3360,Female,Residual Smoker,93,0.18879
t3360,Female,Residual Smoker,94,0.20056
t3360,Female,Residual Smoker,95,0.21401
t3360,Female,Residual Smoker,96,0.22982
t3360,Female,Residual Smoker,97,0.24627
t3360,Female,Residual Smoker,98,0.26304
t3360,Female,Residual Smoker,99,0.27966
t3360,Female,Residual Smoker,100,0.29921
t3360,Female,Residual Smoker,101,0.32314
t3360,Female,Residual Smoker,102,0.34698
t3360,Female,Residual Smoker,103,0.37036
t3360,Female,Residual Smoker,104,0.39292
t3360,Female,Residual Smoker,105,0.4143
t3360,Female,Residual Smoker,106,0.43413
t3360,Female,Residual Smoker,107,0.45205
t3360,Female,Residual Smoker,108,0.46769
t3360,Female,Residual Smoker,109,0.48068
t3360,Female,Residual Smoker,110,0.49065
t3360,Female,Residual Smoker,111,0.49723
t3360,Female,Residual Smoker,112,0.5
t3360,Female,Residual Smoker,113,0.5
t3360,Female,Residual Smoker,114,0.5
t3360,Female,Residual Smoker,115,0.5
t3360,Female,Residual Smoker,116,0.5
t3360,Female,Residual Smoker,117,0.5
t3360,Female,Residual Smoker,118,0.5
t3360,Female,Residual Smoker,119,0.5
t3360,Female,Residual Smoker,120,0.5
