table,gender_blend,tobacco,attained_age,q_ult
t3324,20% Male,Nonsmoker,18,4.2e-4
t3324,20% Male,Nonsmoker,19,4.3e-4
t3324,20% Male,Nonsmoker,20,4.3e-4
t3324,20% Male,Nonsmoker,21,4.3e-4
t3324,20% Male,Nonsmoker,22,4.2e-4
t3324,20% Male,Nonsmoker,23,4.2e-4
t3324,20% Male,Nonsmoker,24,4.2e-4
t3324,20% Male,Nonsmoker,25,4.1e-4
t3324,20% Male,Nonsmoker,26,3.9e-4
t3324,20% Male,Nonsmoker,27,4e-4
t3324,20% Male,Nonsmoker,28,4.2e-4
t3324,20% Male,Nonsmoker,29,4.2e-4
t3324,20% Male,Nonsmoker,30,4.4e-4
t3324,20% Male,Nonsmoker,31,4.6e-4
t3324,20% Male,Nonsmoker,32,5.1e-4
t3324,20% Male,Nonsmoker,33,5.8e-4
t3324,20% Male,Nonsmoker,34,6.8e-4
t3324,20% Male,Nonsmoker,35,7.8e-4
t3324,20% Male,Nonsmoker,36,8.8e-4
t3324,20% Male,Nonsmoker,37,9.8e-4
t3324,20% Male,Nonsmoker,38,0.00105
t3324,20% Male,Nonsmoker,39,0.00109
t3324,20% Male,Nonsmoker,40,0.00112
t3324,20% Male,Nonsmoker,41,0.00114
t3324,20% Male,Nonsmoker,42,0.00116
t3324,20% Male,Nonsmoker,43,0.00118
t3324,20% Male,Nonsmoker,44,0.0012
t3324,20% Male,Nonsmoker,45,0.00123
t3324,20% Male,Nonsmoker,46,0.00128
t3324,20% Male,Nonsmoker,47,0.00134
t3324,20% Male,Nonsmoker,48,0.00141
t3324,20% Male,Nonsmoker,49,0.0015
t3324,20% Male,Nonsmoker,50,0.00163
t3324,20% Male,Nonsmoker,51,0.00178
t3324,20% Male,Nonsmoker,52,0.00198
t3324,20% Male,Nonsmoker,53,0.0022
t3324,20% Male,Nonsmoker,54,0.00245
t3324,20% Male,Nonsmoker,55,0.00268
t3324,20% Male,Nonsmoker,56,0.00291
t3324,20% Male,Nonsmoker,57,0.00313
t3324,20% Male,Nonsmoker,58,0.00338
t3324,20% Male,Nonsmoker,59,0.00364
t3324,20% Male,Nonsmoker,60,0.00395
t3324,20% Male,Nonsmoker,61,0.00434
t3324,20% Male,Nonsmoker,62,0.00477
t3324,20% Male,Nonsmoker,63,0.00527
t3324,20% Male,Nonsmoker,64,0.00581
t3324,20% Male,Nonsmoker,65,0.0064
t3324,20% Male,Nonsmoker,66,0.00703
t3324,20% Male,Nonsmoker,67,0.00771
t3324,20% Male,Nonsmoker,68,0.00847
t3324,20% Male,Nonsmoker,69,0.00935
t3324,20% Male,Nonsmoker,70,0.01038
t3324,20% Male,Nonsmoker,71,0.0116
t3324,20% Male,Nonsmoker,72,0.01303
t3324,20% Male,Nonsmoker,73,0.01469
t3324,20% Male,Nonsmoker,74,0.01661
t3324,20% Male,Nonsmoker,75,0.01879
t3324,20% Male,Nonsmoker,76,0.02126
t3324,20% Male,Nonsmoker,77,0.0241
t3324,20% Male,Nonsmoker,78,0.0274
t3324,20% Male,Nonsmoker,79,0.03134
t3324,20% Male,Nonsmoker,80,0.03597
t3324,20% Male,Nonsmoker,81,0.04099
t3324,20% Male,Nonsmoker,82,0.04632
t3324,20% Male,Nonsmoker,83,0.05246
t3324,20% Male,Nonsmoker,84,0.06057
t3324,20% Male,Nonsmoker,85,0.06991
t3324,20% Male,Nonsmoker,86,0.07952
t3324,20% Male,Nonsmoker,87,0.09053
t3324,20% Male,Nonsmoker,88,0.10299
t3324,20% Male,Nonsmoker,89,0.11665
t3324,20% Male,Nonsmoker,90,0.13129
t3324,20% Male,Nonsmoker,91,0.14682
t3324,20% Male,Nonsmoker,92,0.1633
t3324,20% Male,Nonsmoker,93,0.18024
t3324,20% Male,Nonsmoker,94,0.19742
t3324,20% Male,Nonsmoker,95,0.21684
t3324,20% Male,Nonsmoker,96,0.23945
t3324,20% Male,Nonsmoker,97,0.2641
t3324,20% Male,Nonsmoker,98,0.29068
t3324,20% Male,Nonsmoker,99,0.31879
t3324,20% Male,Nonsmoker,100,0.34592
t3324,20% Male,Nonsmoker,101,0.37042
t3324,20% Male,Nonsmoker,102,0.39453
t3324,20% Male,Nonsmoker,103,0.41785
t3324,20% Male,Nonsmoker,104,0.43998
t3324,20% Male,Nonsmoker,105,0.46053
t3324,20% Male,Nonsmoker,106,0.48213
t3324,20% Male,Nonsmoker,107,0.50829
t3324,20% Male,Nonsmoker,108,0.53584
t3324,20% Male,Nonsmoker,109,0.56485
t3324,20% Male,Nonsmoker,110,0.59538
t3324,20% Male,Nonsmoker,111,0.62751
t3324,20% Male,Nonsmoker,112,0.66131
t3324,20% Male,Nonsmoker,113,0.69686
t3324,20% Male,Nonsmoker,114,0.73421
t3324,20% Male,Nonsmoker,115,0.77346
t3324,20% Male,Nonsmoker,116,0.81466
t3324,20% Male,Nonsmoker,117,0.85788
t3324,20% Male,Nonsmoker,118,0.90315
t3324,20% Male,Nonsmoker,119,0.95053
t3324,20% Male,Nonsmoker,120,1
t3325,40% Male,Nonsmoker,18,5.2e-4
t3325,40% Male,Nonsmoker,19,5.3e-4
t3325,40% Male,Nonsmoker,20,5.3e-4
t3325,40% Male,Nonsmoker,21,5.3e-4
t3325,40% Male,Nonsmoker,22,5.2e-4
t3325,40% Male,Nonsmoker,23,5.2e-4
t3325,40% Male,Nonsmoker,24,5.2e-4
t3325,40% Male,Nonsmoker,25,5.1e-4
t3325,40% Male,Nonsmoker,26,4.6e-4
t3325,40% Male,Nonsmoker,27,4.5e-4
t3325,40% Male,Nonsmoker,28,4.6e-4
t3325,40% Male,Nonsmoker,29,4.6e-4
t3325,40% Male,Nonsmoker,30,4.6e-4
t3325,40% Male,Nonsmoker,31,4.9e-4
t3325,40% Male,Nonsmoker,32,5.4e-4
t3325,40% Male,Nonsmoker,33,6.1e-4
t3325,40% Male,Nonsmoker,34,7.1e-4
t3325,40% Male,Nonsmoker,35,8.1e-4
t3325,40% Male,Nonsmoker,36,0.00093000000000000005
t3325,40% Male,Nonsmoker,37,0.00103
t3325,40% Male,Nonsmoker,38,0.00112
t3325,40% Male,Nonsmoker,39,0.00117
t3325,40% Male,Nonsmoker,40,0.0012
t3325,40% Male,Nonsmoker,41,0.00124
t3325,40% Male,Nonsmoker,42,0.00128
t3325,40% Male,Nonsmoker,43,0.00132
t3325,40% Male,Nonsmoker,44,0.00135
t3325,40% Male,Nonsmoker,45,0.00139
t3325,40% Male,Nonsmoker,46,0.00144
t3325,40% Male,Nonsmoker,47,0.00151
t3325,40% Male,Nonsmoker,48,0.00158
t3325,40% Male,Nonsmoker,49,0.00168
t3325,40% Male,Nonsmoker,50,0.0018
t3325,40% Male,Nonsmoker,51,0.00197
t3325,40% Male,Nonsmoker,52,0.00217
t3325,40% Male,Nonsmoker,53,0.0024
t3325,40% Male,Nonsmoker,54,0.00265
t3325,40% Male,Nonsmoker,55,0.00289
t3325,40% Male,Nonsmoker,56,0.00312
t3325,40% Male,Nonsmoker,57,0.00335
t3325,40% Male,Nonsmoker,58,0.0036
t3325,40% Male,Nonsmoker,59,0.00387
t3325,40% Male,Nonsmoker,60,0.00421
t3325,40% Male,Nonsmoker,61,0.00463
t3325,40% Male,Nonsmoker,62,0.00511
t3325,40% Male,Nonsmoker,63,0.00566
t3325,40% Male,Nonsmoker,64,0.00625
t3325,40% Male,Nonsmoker,65,0.0069
t3325,40% Male,Nonsmoker,66,0.00759
t3325,40% Male,Nonsmoker,67,0.00834
t3325,40% Male,Nonsmoker,68,0.00917
t3325,40% Male,Nonsmoker,69,0.01014
t3325,40% Male,Nonsmoker,70,0.01128
t3325,40% Male,Nonsmoker,71,0.01263
t3325,40% Male,Nonsmoker,72,0.01422
t3325,40% Male,Nonsmoker,73,0.01606
t3325,40% Male,Nonsmoker,74,0.01816
t3325,40% Male,Nonsmoker,75,0.02053
t3325,40% Male,Nonsmoker,76,0.02319
t3325,40% Male,Nonsmoker,77,0.02621
t3325,40% Male,Nonsmoker,78,0.02969
t3325,40% Male,Nonsmoker,79,0.0338
t3325,40% Male,Nonsmoker,80,0.0386
t3325,40% Male,Nonsmoker,81,0.04389
t3325,40% Male,Nonsmoker,82,0.04964
t3325,40% Male,Nonsmoker,83,0.05626
t3325,40% Male,Nonsmoker,84,0.0647
t3325,40% Male,Nonsmoker,85,0.07442
t3325,40% Male,Nonsmoker,86,0.08477
t3325,40% Male,Nonsmoker,87,0.0966
t3325,40% Male,Nonsmoker,88,0.10991
t3325,40% Male,Nonsmoker,89,0.1244
t3325,40% Male,Nonsmoker,90,0.13984
t3325,40% Male,Nonsmoker,91,0.156
t3325,40% Male,Nonsmoker,92,0.17286
t3325,40% Male,Nonsmoker,93,0.18991
t3325,40% Male,Nonsmoker,94,0.20679
t3325,40% Male,Nonsmoker,95,0.22553
t3325,40% Male,Nonsmoker,96,0.24735
t3325,40% Male,Nonsmoker,97,0.27105
t3325,40% Male,Nonsmoker,98,0.29657
t3325,40% Male,Nonsmoker,99,0.32351
t3325,40% Male,Nonsmoker,100,0.34966
t3325,40% Male,Nonsmoker,101,0.37358
t3325,40% Male,Nonsmoker,102,0.39715
t3325,40% Male,Nonsmoker,103,0.41998
t3325,40% Male,Nonsmoker,104,0.44167
t3325,40% Male,Nonsmoker,105,0.46182
t3325,40% Male,Nonsmoker,106,0.48318
t3325,40% Male,Nonsmoker,107,0.50931
t3325,40% Male,Nonsmoker,108,0.53683
t3325,40% Male,Nonsmoker,109,0.5658
t3325,40% Male,Nonsmoker,110,0.59629
t3325,40% Male,Nonsmoker,111,0.62837
t3325,40% Male,Nonsmoker,112,0.66212
t3325,40% Male,Nonsmoker,113,0.6976
t3325,40% Male,Nonsmoker,114,0.73488
t3325,40% Male,Nonsmoker,115,0.77404
t3325,40% Male,Nonsmoker,116,0.81515
t3325,40% Male,Nonsmoker,117,0.85826
t3325,40% Male,Nonsmoker,118,0.90342
t3325,40% Male,Nonsmoker,119,0.95067
t3325,40% Male,Nonsmoker,120,1
t3326,50% Male,Nonsmoker,18,5.7e-4
t3326,50% Male,Nonsmoker,19,5.8e-4
t3326,50% Male,Nonsmoker,20,5.9e-4
t3326,50% Male,Nonsmoker,21,5.9e-4
t3326,50% Male,Nonsmoker,22,5.8e-4
t3326,50% Male,Nonsmoker,23,5.7e-4
t3326,50% Male,Nonsmoker,24,5.7e-4
t3326,50% Male,Nonsmoker,25,5.6e-4
t3326,50% Male,Nonsmoker,26,5e-4
t3326,50% Male,Nonsmoker,27,4.8e-4
t3326,50% Male,Nonsmoker,28,4.9e-4
t3326,50% Male,Nonsmoker,29,4.8e-4
t3326,50% Male,Nonsmoker,30,4.8e-4
t3326,50% Male,Nonsmoker,31,5.1e-4
t3326,50% Male,Nonsmoker,32,5.5e-4
t3326,50% Male,Nonsmoker,33,6.2e-4
t3326,50% Male,Nonsmoker,34,7.2e-4
t3326,50% Male,Nonsmoker,35,8.3e-4
t3326,50% Male,Nonsmoker,36,9.5e-4
t3326,50% Male,Nonsmoker,37,0.00106
t3326,50% Male,Nonsmoker,38,0.00115
t3326,50% Male,Nonsmoker,39,0.00121
t3326,50% Male,Nonsmoker,40,0.00125
t3326,50% Male,Nonsmoker,41,0.0013
t3326,50% Male,Nonsmoker,42,0.00135
t3326,50% Male,Nonsmoker,43,0.0014
t3326,50% Male,Nonsmoker,44,0.00143
t3326,50% Male,Nonsmoker,45,0.00147
t3326,50% Male,Nonsmoker,46,0.00153
t3326,50% Male,Nonsmoker,47,0.00159
t3326,50% Male,Nonsmoker,48,0.00167
t3326,50% Male,Nonsmoker,49,0.00177
t3326,50% Male,Nonsmoker,50,0.00189
t3326,50% Male,Nonsmoker,51,0.00206
t3326,50% Male,Nonsmoker,52,0.00227
t3326,50% Male,Nonsmoker,53,0.00251
t3326,50% Male,Nonsmoker,54,0.00276
t3326,50% Male,Nonsmoker,55,0.003
t3326,50% Male,Nonsmoker,56,0.00323
t3326,50% Male,Nonsmoker,57,0.00346
t3326,50% Male,Nonsmoker,58,0.00371
t3326,50% Male,Nonsmoker,59,0.00399
t3326,50% Male,Nonsmoker,60,0.00434
t3326,50% Male,Nonsmoker,61,0.00478
t3326,50% Male,Nonsmoker,62,0.00528
t3326,50% Male,Nonsmoker,63,0.00585
t3326,50% Male,Nonsmoker,64,0.00647
t3326,50% Male,Nonsmoker,65,0.00715
t3326,50% Male,Nonsmoker,66,0.00787
t3326,50% Male,Nonsmoker,67,0.00865
t3326,50% Male,Nonsmoker,68,0.00953
t3326,50% Male,Nonsmoker,69,0.01054
t3326,50% Male,Nonsmoker,70,0.01174
t3326,50% Male,Nonsmoker,71,0.01315
t3326,50% Male,Nonsmoker,72,0.01482
t3326,50% Male,Nonsmoker,73,0.01674
t3326,50% Male,Nonsmoker,74,0.01894
t3326,50% Male,Nonsmoker,75,0.02141
t3326,50% Male,Nonsmoker,76,0.02416
t3326,50% Male,Nonsmoker,77,0.02727
t3326,50% Male,Nonsmoker,78,0.03084
t3326,50% Male,Nonsmoker,79,0.03503
t3326,50% Male,Nonsmoker,80,0.03992
t3326,50% Male,Nonsmoker,81,0.04535
t3326,50% Male,Nonsmoker,82,0.0513
t3326,50% Male,Nonsmoker,83,0.05817
t3326,50% Male,Nonsmoker,84,0.06676
t3326,50% Male,Nonsmoker,85,0.07668
t3326,50% Male,Nonsmoker,86,0.0874
t3326,50% Male,Nonsmoker,87,0.09964
t3326,50% Male,Nonsmoker,88,0.11337
t3326,50% Male,Nonsmoker,89,0.12828
t3326,50% Male,Nonsmoker,90,0.14412
t3326,50% Male,Nonsmoker,91,0.1606
t3326,50% Male,Nonsmoker,92,0.17764
t3326,50% Male,Nonsmoker,93,0.19475
t3326,50% Male,Nonsmoker,94,0.21148
t3326,50% Male,Nonsmoker,95,0.22988
t3326,50% Male,Nonsmoker,96,0.2513
t3326,50% Male,Nonsmoker,97,0.27452
t3326,50% Male,Nonsmoker,98,0.29952
t3326,50% Male,Nonsmoker,99,0.32588
t3326,50% Male,Nonsmoker,100,0.35154
t3326,50% Male,Nonsmoker,101,0.37516
t3326,50% Male,Nonsmoker,102,0.39847
t3326,50% Male,Nonsmoker,103,0.42105
t3326,50% Male,Nonsmoker,104,0.44251
t3326,50% Male,Nonsmoker,105,0.46247
t3326,50% Male,Nonsmoker,106,0.4837
t3326,50% Male,Nonsmoker,107,0.50983
t3326,50% Male,Nonsmoker,108,0.53733
t3326,50% Male,Nonsmoker,109,0.56628
t3326,50% Male,Nonsmoker,110,0.59675
t3326,50% Male,Nonsmoker,111,0.62881
t3326,50% Male,Nonsmoker,112,0.66252
t3326,50% Male,Nonsmoker,113,0.69797
t3326,50% Male,Nonsmoker,114,0.73521
t3326,50% Male,Nonsmoker,115,0.77433
t3326,50% Male,Nonsmoker,116,0.81539
t3326,50% Male,Nonsmoker,117,0.85845
t3326,50% Male,Nonsmoker,118,0.90355
t3326,50% Male,Nonsmoker,119,0.95074
t3326,50% Male,Nonsmoker,120,1
t3327,60% Male,Nonsmoker,18,6.1e-4
t3327,60% Male,Nonsmoker,19,6.3e-4
t3327,60% Male,Nonsmoker,20,6.4e-4
t3327,60% Male,Nonsmoker,21,6.4e-4
t3327,60% Male,Nonsmoker,22,6.3e-4
t3327,60% Male,Nonsmoker,23,6.2e-4
t3327,60% Male,Nonsmoker,24,6.2e-4
t3327,60% Male,Nonsmoker,25,6e-4
t3327,60% Male,Nonsmoker,26,5.4e-4
t3327,60% Male,Nonsmoker,27,5.1e-4
t3327,60% Male,Nonsmoker,28,5.1e-4
t3327,60% Male,Nonsmoker,29,4.9e-4
t3327,60% Male,Nonsmoker,30,4.9e-4
t3327,60% Male,Nonsmoker,31,5.2e-4
t3327,60% Male,Nonsmoker,32,5.6e-4
t3327,60% Male,Nonsmoker,33,6.3e-4
t3327,60% Male,Nonsmoker,34,7.3e-4
t3327,60% Male,Nonsmoker,35,8.5e-4
t3327,60% Male,Nonsmoker,36,9.7e-4
t3327,60% Male,Nonsmoker,37,0.00109
t3327,60% Male,Nonsmoker,38,0.00118
t3327,60% Male,Nonsmoker,39,0.00124
t3327,60% Male,Nonsmoker,40,0.00129
t3327,60% Male,Nonsmoker,41,0.00135
t3327,60% Male,Nonsmoker,42,0.00141
t3327,60% Male,Nonsmoker,43,0.00147
t3327,60% Male,Nonsmoker,44,0.00151
t3327,60% Male,Nonsmoker,45,0.00155
t3327,60% Male,Nonsmoker,46,0.00161
t3327,60% Male,Nonsmoker,47,0.00167
t3327,60% Male,Nonsmoker,48,0.00176
t3327,60% Male,Nonsmoker,49,0.00185
t3327,60% Male,Nonsmoker,50,0.00198
t3327,60% Male,Nonsmoker,51,0.00215
t3327,60% Male,Nonsmoker,52,0.00237
t3327,60% Male,Nonsmoker,53,0.00261
t3327,60% Male,Nonsmoker,54,0.00286
t3327,60% Male,Nonsmoker,55,0.0031
t3327,60% Male,Nonsmoker,56,0.00333
t3327,60% Male,Nonsmoker,57,0.00356
t3327,60% Male,Nonsmoker,58,0.00381
t3327,60% Male,Nonsmoker,59,0.00411
t3327,60% Male,Nonsmoker,60,0.00446
t3327,60% Male,Nonsmoker,61,0.00492
t3327,60% Male,Nonsmoker,62,0.00544
t3327,60% Male,Nonsmoker,63,0.00604
t3327,60% Male,Nonsmoker,64,0.00669
t3327,60% Male,Nonsmoker,65,0.00739
t3327,60% Male,Nonsmoker,66,0.00814
t3327,60% Male,Nonsmoker,67,0.00896
t3327,60% Male,Nonsmoker,68,0.00988
t3327,60% Male,Nonsmoker,69,0.01094
t3327,60% Male,Nonsmoker,70,0.01219
t3327,60% Male,Nonsmoker,71,0.01367
t3327,60% Male,Nonsmoker,72,0.01541
t3327,60% Male,Nonsmoker,73,0.01742
t3327,60% Male,Nonsmoker,74,0.01972
t3327,60% Male,Nonsmoker,75,0.02228
t3327,60% Male,Nonsmoker,76,0.02513
t3327,60% Male,Nonsmoker,77,0.02833
t3327,60% Male,Nonsmoker,78,0.03199
t3327,60% Male,Nonsmoker,79,0.03625
t3327,60% Male,Nonsmoker,80,0.04124
t3327,60% Male,Nonsmoker,81,0.0468
t3327,60% Male,Nonsmoker,82,0.05295
t3327,60% Male,Nonsmoker,83,0.06007
t3327,60% Male,Nonsmoker,84,0.06882
t3327,60% Male,Nonsmoker,85,0.07894
t3327,60% Male,Nonsmoker,86,0.09002
t3327,60% Male,Nonsmoker,87,0.10268
t3327,60% Male,Nonsmoker,88,0.11682
t3327,60% Male,Nonsmoker,89,0.13216
t3327,60% Male,Nonsmoker,90,0.14839
t3327,60% Male,Nonsmoker,91,0.16519
t3327,60% Male,Nonsmoker,92,0.18242
t3327,60% Male,Nonsmoker,93,0.19959
t3327,60% Male,Nonsmoker,94,0.21617
t3327,60% Male,Nonsmoker,95,0.23422
t3327,60% Male,Nonsmoker,96,0.25524
t3327,60% Male,Nonsmoker,97,0.27799
t3327,60% Male,Nonsmoker,98,0.30247
t3327,60% Male,Nonsmoker,99,0.32824
t3327,60% Male,Nonsmoker,100,0.35341
t3327,60% Male,Nonsmoker,101,0.37674
t3327,60% Male,Nonsmoker,102,0.39978
t3327,60% Male,Nonsmoker,103,0.42211
t3327,60% Male,Nonsmoker,104,0.44335
t3327,60% Male,Nonsmoker,105,0.46312
t3327,60% Male,Nonsmoker,106,0.48422
t3327,60% Male,Nonsmoker,107,0.51034
t3327,60% Male,Nonsmoker,108,0.53783
t3327,60% Male,Nonsmoker,109,0.56676
t3327,60% Male,Nonsmoker,110,0.59721
t3327,60% Male,Nonsmoker,111,0.62924
t3327,60% Male,Nonsmoker,112,0.66292
t3327,60% Male,Nonsmoker,113,0.69833
t3327,60% Male,Nonsmoker,114,0.73554
t3327,60% Male,Nonsmoker,115,0.77462
t3327,60% Male,Nonsmoker,116,0.81563
t3327,60% Male,Nonsmoker,117,0.85864
t3327,60% Male,Nonsmoker,118,0.90368
t3327,60% Male,Nonsmoker,119,0.9508
t3327,60% Male,Nonsmoker,120,1
t3328,80% Male,Nonsmoker,18,7.1e-4
t3328,80% Male,Nonsmoker,19,7.3e-4
t3328,80% Male,Nonsmoker,20,7.4e-4
t3328,80% Male,Nonsmoker,21,7.4e-4
t3328,80% Male,Nonsmoker,22,7.3e-4
t3328,80% Male,Nonsmoker,23,7.2e-4
t3328,80% Male,Nonsmoker,24,7.2e-4
t3328,80% Male,Nonsmoker,25,7e-4
t3328,80% Male,Nonsmoker,26,6.1e-4
t3328,80% Male,Nonsmoker,27,5.6e-4
t3328,80% Male,Nonsmoker,28,5.5e-4
t3328,80% Male,Nonsmoker,29,5.3e-4
t3328,80% Male,Nonsmoker,30,5.1e-4
t3328,80% Male,Nonsmoker,31,5.5e-4
t3328,80% Male,Nonsmoker,32,5.9e-4
t3328,80% Male,Nonsmoker,33,6.6e-4
t3328,80% Male,Nonsmoker,34,7.6e-4
t3328,80% Male,Nonsmoker,35,8.8e-4
t3328,80% Male,Nonsmoker,36,0.00102
t3328,80% Male,Nonsmoker,37,0.00114
t3328,80% Male,Nonsmoker,38,0.00125
t3328,80% Male,Nonsmoker,39,0.00132
t3328,80% Male,Nonsmoker,40,0.00137
t3328,80% Male,Nonsmoker,41,0.00145
t3328,80% Male,Nonsmoker,42,0.00153
t3328,80% Male,Nonsmoker,43,0.00161
t3328,80% Male,Nonsmoker,44,0.00166
t3328,80% Male,Nonsmoker,45,0.00171
t3328,80% Male,Nonsmoker,46,0.00177
t3328,80% Male,Nonsmoker,47,0.00184
t3328,80% Male,Nonsmoker,48,0.00193
t3328,80% Male,Nonsmoker,49,0.00203
t3328,80% Male,Nonsmoker,50,0.00215
t3328,80% Male,Nonsmoker,51,0.00234
t3328,80% Male,Nonsmoker,52,0.00256
t3328,80% Male,Nonsmoker,53,0.00281
t3328,80% Male,Nonsmoker,54,0.00306
t3328,80% Male,Nonsmoker,55,0.00331
t3328,80% Male,Nonsmoker,56,0.00354
t3328,80% Male,Nonsmoker,57,0.00378
t3328,80% Male,Nonsmoker,58,0.00403
t3328,80% Male,Nonsmoker,59,0.00434
t3328,80% Male,Nonsmoker,60,0.00472
t3328,80% Male,Nonsmoker,61,0.00521
t3328,80% Male,Nonsmoker,62,0.00578
t3328,80% Male,Nonsmoker,63,0.00643
t3328,80% Male,Nonsmoker,64,0.00713
t3328,80% Male,Nonsmoker,65,0.00789
t3328,80% Male,Nonsmoker,66,0.0087
t3328,80% Male,Nonsmoker,67,0.00959
t3328,80% Male,Nonsmoker,68,0.01058
t3328,80% Male,Nonsmoker,69,0.01173
t3328,80% Male,Nonsmoker,70,0.01309
t3328,80% Male,Nonsmoker,71,0.0147
t3328,80% Male,Nonsmoker,72,0.0166
t3328,80% Male,Nonsmoker,73,0.01879
t3328,80% Male,Nonsmoker,74,0.02127
t3328,80% Male,Nonsmoker,75,0.02402
t3328,80% Male,Nonsmoker,76,0.02706
t3328,80% Male,Nonsmoker,77,0.03044
t3328,80% Male,Nonsmoker,78,0.03428
t3328,80% Male,Nonsmoker,79,0.03871
t3328,80% Male,Nonsmoker,80,0.04387
t3328,80% Male,Nonsmoker,81,0.0497
t3328,80% Male,Nonsmoker,82,0.05627
t3328,80% Male,Nonsmoker,83,0.06387
t3328,80% Male,Nonsmoker,84,0.07295
t3328,80% Male,Nonsmoker,85,0.08345
t3328,80% Male,Nonsmoker,86,0.09527
t3328,80% Male,Nonsmoker,87,0.10875
t3328,80% Male,Nonsmoker,88,0.12374
t3328,80% Male,Nonsmoker,89,0.13991
t3328,80% Male,Nonsmoker,90,0.15694
t3328,80% Male,Nonsmoker,91,0.17437
t3328,80% Male,Nonsmoker,92,0.19198
t3328,80% Male,Nonsmoker,93,0.20926
t3328,80% Male,Nonsmoker,94,0.22554
t3328,80% Male,Nonsmoker,95,0.24291
t3328,80% Male,Nonsmoker,96,0.26314
t3328,80% Male,Nonsmoker,97,0.28494
t3328,80% Male,Nonsmoker,98,0.30836
t3328,80% Male,Nonsmoker,99,0.33296
t3328,80% Male,Nonsmoker,100,0.35715
t3328,80% Male,Nonsmoker,101,0.3799
t3328,80% Male,Nonsmoker,102,0.4024
t3328,80% Male,Nonsmoker,103,0.42424
t3328,80% Male,Nonsmoker,104,0.44504
t3328,80% Male,Nonsmoker,105,0.46441
t3328,80% Male,Nonsmoker,106,0.48527
t3328,80% Male,Nonsmoker,107,0.51136
t3328,80% Male,Nonsmoker,108,0.53882
t3328,80% Male,Nonsmoker,109,0.56771
t3328,80% Male,Nonsmoker,110,0.59812
t3328,80% Male,Nonsmoker,111,0.6301
t3328,80% Male,Nonsmoker,112,0.66373
t3328,80% Male,Nonsmoker,113,0.69907
t3328,80% Male,Nonsmoker,114,0.73621
t3328,80% Male,Nonsmoker,115,0.7752
t3328,80% Male,Nonsmoker,116,0.81612
t3328,80% Male,Nonsmoker,117,0.85902
t3328,80% Male,Nonsmoker,118,0.90395
t3328,80% Male,Nonsmoker,119,0.95094
t3328,80% Male,Nonsmoker,120,1
t3334,20% Male,Smoker,18,4.2e-4
t3334,20% Male,Smoker,19,4.3e-4
t3334,20% Male,Smoker,20,4.3e-4
t3334,20% Male,Smoker,21,4.4e-4
t3334,20% Male,Smoker,22,4.5e-4
t3334,20% Male,Smoker,23,4.8e-4
t3334,20% Male,Smoker,24,5.2e-4
t3334,20% Male,Smoker,25,5.2e-4
t3334,20% Male,Smoker,26,5.3e-4
t3334,20% Male,Smoker,27,5.3e-4
t3334,20% Male,Smoker,28,5.4e-4
t3334,20% Male,Smoker,29,5.6e-4
t3334,20% Male,Smoker,30,5.9e-4
t3334,20% Male,Smoker,31,6.3e-4
t3334,20% Male,Smoker,32,6.8e-4
t3334,20% Male,Smoker,33,7.9e-4
t3334,20% Male,Smoker,34,9.2e-4
t3334,20% Male,Smoker,35,0.00104
t3334,20% Male,Smoker,36,0.0012
t3334,20% Male,Smoker,37,0.00138
t3334,20% Male,Smoker,38,0.00155
t3334,20% Male,Smoker,39,0.0017
t3334,20% Male,Smoker,40,0.00185
t3334,20% Male,Smoker,41,0.00199
t3334,20% Male,Smoker,42,0.00212
t3334,20% Male,Smoker,43,0.00226
t3334,20% Male,Smoker,44,0.00238
t3334,20% Male,Smoker,45,0.00255
t3334,20% Male,Smoker,46,0.00277
t3334,20% Male,Smoker,47,0.00302
t3334,20% Male,Smoker,48,0.00329
t3334,20% Male,Smoker,49,0.00359
t3334,20% Male,Smoker,50,0.00392
t3334,20% Male,Smoker,51,0.0043
t3334,20% Male,Smoker,52,0.00471
t3334,20% Male,Smoker,53,0.00518
t3334,20% Male,Smoker,54,0.00569
t3334,20% Male,Smoker,55,0.00627
t3334,20% Male,Smoker,56,0.00692
t3334,20% Male,Smoker,57,0.00766
t3334,20% Male,Smoker,58,0.00849
t3334,20% Male,Smoker,59,0.00941
t3334,20% Male,Smoker,60,0.01044
t3334,20% Male,Smoker,61,0.0116
t3334,20% Male,Smoker,62,0.01288
t3334,20% Male,Smoker,63,0.01428
t3334,20% Male,Smoker,64,0.0158
t3334,20% Male,Smoker,65,0.01745
t3334,20% Male,Smoker,66,0.01922
t3334,20% Male,Smoker,67,0.02109
t3334,20% Male,Smoker,68,0.02307
t3334,20% Male,Smoker,69,0.0252
t3334,20% Male,Smoker,70,0.02758
t3334,20% Male,Smoker,71,0.0301
t3334,20% Male,Smoker,72,0.03276
t3334,20% Male,Smoker,73,0.03565
t3334,20% Male,Smoker,74,0.03877
t3334,20% Male,Smoker,75,0.04214
t3334,20% Male,Smoker,76,0.04577
t3334,20% Male,Smoker,77,0.0497
t3334,20% Male,Smoker,78,0.05397
t3334,20% Male,Smoker,79,0.05903
t3334,20% Male,Smoker,80,0.06524
t3334,20% Male,Smoker,81,0.07238
t3334,20% Male,Smoker,82,0.08057
t3334,20% Male,Smoker,83,0.08965
t3334,20% Male,Smoker,84,0.09869
t3334,20% Male,Smoker,85,0.10945
t3334,20% Male,Smoker,86,0.12195
t3334,20% Male,Smoker,87,0.13452
t3334,20% Male,Smoker,88,0.14804
t3334,20% Male,Smoker,89,0.16225
t3334,20% Male,Smoker,90,0.17676
t3334,20% Male,Smoker,91,0.1914
t3334,20% Male,Smoker,92,0.20623
t3334,20% Male,Smoker,93,0.2206
t3334,20% Male,Smoker,94,0.23423
t3334,20% Male,Smoker,95,0.24939
t3334,20% Male,Smoker,96,0.26707
t3334,20% Male,Smoker,97,0.28567
t3334,20% Male,Smoker,98,0.30495
t3334,20% Male,Smoker,99,0.32441
t3334,20% Male,Smoker,100,0.34592
t3334,20% Male,Smoker,101,0.37042
t3334,20% Male,Smoker,102,0.39453
t3334,20% Male,Smoker,103,0.41785
t3334,20% Male,Smoker,104,0.43998
t3334,20% Male,Smoker,105,0.46053
t3334,20% Male,Smoker,106,0.48213
t3334,20% Male,Smoker,107,0.50829
t3334,20% Male,Smoker,108,0.53584
t3334,20% Male,Smoker,109,0.56485
t3334,20% Male,Smoker,110,0.59538
t3334,20% Male,Smoker,111,0.62751
t3334,20% Male,Smoker,112,0.66131
t3334,20% Male,Smoker,113,0.69686
t3334,20% Male,Smoker,114,0.73421
t3334,20% Male,Smoker,115,0.77346
t3334,20% Male,Smoker,116,0.81466
t3334,20% Male,Smoker,117,0.85788
t3334,20% Male,Smoker,118,0.90315
t3334,20% Male,Smoker,119,0.95053
t3334,20% Male,Smoker,120,1
t3335,40% Male,Smoker,18,5.2e-4
t3335,40% Male,Smoker,19,5.3e-4
t3335,40% Male,Smoker,20,5.4e-4
t3335,40% Male,Smoker,21,5.5e-4
t3335,40% Male,Smoker,22,5.7e-4
t3335,40% Male,Smoker,23,6e-4
t3335,40% Male,Smoker,24,6.4e-4
t3335,40% Male,Smoker,25,6.4e-4
t3335,40% Male,Smoker,26,6.5e-4
t3335,40% Male,Smoker,27,6.5e-4
t3335,40% Male,Smoker,28,6.5e-4
t3335,40% Male,Smoker,29,6.7e-4
t3335,40% Male,Smoker,30,6.9e-4
t3335,40% Male,Smoker,31,7.4e-4
t3335,40% Male,Smoker,32,7.9e-4
t3335,40% Male,Smoker,33,8.9e-4
t3335,40% Male,Smoker,34,0.00101
t3335,40% Male,Smoker,35,0.00113
t3335,40% Male,Smoker,36,0.00129
t3335,40% Male,Smoker,37,0.00146
t3335,40% Male,Smoker,38,0.00163
t3335,40% Male,Smoker,39,0.00181
t3335,40% Male,Smoker,40,0.00198
t3335,40% Male,Smoker,41,0.00215
t3335,40% Male,Smoker,42,0.00232
t3335,40% Male,Smoker,43,0.00247
t3335,40% Male,Smoker,44,0.0026
t3335,40% Male,Smoker,45,0.00278
t3335,40% Male,Smoker,46,0.003
t3335,40% Male,Smoker,47,0.00324
t3335,40% Male,Smoker,48,0.00351
t3335,40% Male,Smoker,49,0.00381
t3335,40% Male,Smoker,50,0.00415
t3335,40% Male,Smoker,51,0.00453
t3335,40% Male,Smoker,52,0.00495
t3335,40% Male,Smoker,53,0.00543
t3335,40% Male,Smoker,54,0.00595
t3335,40% Male,Smoker,55,0.00654
t3335,40% Male,Smoker,56,0.00721
t3335,40% Male,Smoker,57,0.00797
t3335,40% Male,Smoker,58,0.00883
t3335,40% Male,Smoker,59,0.00978
t3335,40% Male,Smoker,60,0.01086
t3335,40% Male,Smoker,61,0.01208
t3335,40% Male,Smoker,62,0.01343
t3335,40% Male,Smoker,63,0.01491
t3335,40% Male,Smoker,64,0.01653
t3335,40% Male,Smoker,65,0.01829
t3335,40% Male,Smoker,66,0.02016
t3335,40% Male,Smoker,67,0.02214
t3335,40% Male,Smoker,68,0.02423
t3335,40% Male,Smoker,69,0.02651
t3335,40% Male,Smoker,70,0.02905
t3335,40% Male,Smoker,71,0.03181
t3335,40% Male,Smoker,72,0.03476
t3335,40% Male,Smoker,73,0.03795
t3335,40% Male,Smoker,74,0.04136
t3335,40% Male,Smoker,75,0.04496
t3335,40% Male,Smoker,76,0.04874
t3335,40% Male,Smoker,77,0.05273
t3335,40% Male,Smoker,78,0.05701
t3335,40% Male,Smoker,79,0.06194
t3335,40% Male,Smoker,80,0.06784
t3335,40% Male,Smoker,81,0.0745
t3335,40% Male,Smoker,82,0.08233
t3335,40% Male,Smoker,83,0.09132
t3335,40% Male,Smoker,84,0.10058
t3335,40% Male,Smoker,85,0.11146
t3335,40% Male,Smoker,86,0.12399
t3335,40% Male,Smoker,87,0.13691
t3335,40% Male,Smoker,88,0.1508
t3335,40% Male,Smoker,89,0.16534
t3335,40% Male,Smoker,90,0.18016
t3335,40% Male,Smoker,91,0.19501
t3335,40% Male,Smoker,92,0.20987
t3335,40% Male,Smoker,93,0.22418
t3335,40% Male,Smoker,94,0.23755
t3335,40% Male,Smoker,95,0.25228
t3335,40% Male,Smoker,96,0.26967
t3335,40% Male,Smoker,97,0.28821
t3335,40% Male,Smoker,98,0.30776
t3335,40% Male,Smoker,99,0.32787
t3335,40% Male,Smoker,100,0.34966
t3335,40% Male,Smoker,101,0.37358
t3335,40% Male,Smoker,102,0.39715
t3335,40% Male,Smoker,103,0.41998
t3335,40% Male,Smoker,104,0.44167
t3335,40% Male,Smoker,105,0.46182
t3335,40% Male,Smoker,106,0.48318
t3335,40% Male,Smoker,107,0.50931
t3335,40% Male,Smoker,108,0.53683
t3335,40% Male,Smoker,109,0.5658
t3335,40% Male,Smoker,110,0.59629
t3335,40% Male,Smoker,111,0.62837
t3335,40% Male,Smoker,112,0.66212
t3335,40% Male,Smoker,113,0.6976
t3335,40% Male,Smoker,114,0.73488
t3335,40% Male,Smoker,115,0.77404
t3335,40% Male,Smoker,116,0.81515
t3335,40% Male,Smoker,117,0.85826
t3335,40% Male,Smoker,118,0.90342
t3335,40% Male,Smoker,119,0.95067
t3335,40% Male,Smoker,120,1
t3336,50% Male,Smoker,18,5.7e-4
t3336,50% Male,Smoker,19,5.9e-4
t3336,50% Male,Smoker,20,6e-4
t3336,50% Male,Smoker,21,6.1e-4
t3336,50% Male,Smoker,22,6.3e-4
t3336,50% Male,Smoker,23,6.6e-4
t3336,50% Male,Smoker,24,7e-4
t3336,50% Male,Smoker,25,7.1e-4
t3336,50% Male,Smoker,26,7.1e-4
t3336,50% Male,Smoker,27,7.1e-4
t3336,50% Male,Smoker,28,7.1e-4
t3336,50% Male,Smoker,29,7.2e-4
t3336,50% Male,Smoker,30,7.5e-4
t3336,50% Male,Smoker,31,7.9e-4
t3336,50% Male,Smoker,32,8.5e-4
t3336,50% Male,Smoker,33,9.5e-4
t3336,50% Male,Smoker,34,0.00106
t3336,50% Male,Smoker,35,0.00118
t3336,50% Male,Smoker,36,0.00133
t3336,50% Male,Smoker,37,0.0015
t3336,50% Male,Smoker,38,0.00167
t3336,50% Male,Smoker,39,0.0018600000000000001
t3336,50% Male,Smoker,40,0.00205
t3336,50% Male,Smoker,41,0.00224
t3336,50% Male,Smoker,42,0.00242
t3336,50% Male,Smoker,43,0.00258
t3336,50% Male,Smoker,44,0.00272
t3336,50% Male,Smoker,45,0.00289
t3336,50% Male,Smoker,46,0.00311
t3336,50% Male,Smoker,47,0.00336
t3336,50% Male,Smoker,48,0.00363
t3336,50% Male,Smoker,49,0.00393
t3336,50% Male,Smoker,50,0.00427
t3336,50% Male,Smoker,51,0.00465
t3336,50% Male,Smoker,52,0.00508
t3336,50% Male,Smoker,53,0.00555
t3336,50% Male,Smoker,54,0.00608
t3336,50% Male,Smoker,55,0.00668
t3336,50% Male,Smoker,56,0.00736
t3336,50% Male,Smoker,57,0.00813
t3336,50% Male,Smoker,58,0.009
t3336,50% Male,Smoker,59,0.00997
t3336,50% Male,Smoker,60,0.01108
t3336,50% Male,Smoker,61,0.01233
t3336,50% Male,Smoker,62,0.01371
t3336,50% Male,Smoker,63,0.01523
t3336,50% Male,Smoker,64,0.0169
t3336,50% Male,Smoker,65,0.01871
t3336,50% Male,Smoker,66,0.02063
t3336,50% Male,Smoker,67,0.02266
t3336,50% Male,Smoker,68,0.02482
t3336,50% Male,Smoker,69,0.02716
t3336,50% Male,Smoker,70,0.02979
t3336,50% Male,Smoker,71,0.03267
t3336,50% Male,Smoker,72,0.03576
t3336,50% Male,Smoker,73,0.03911
t3336,50% Male,Smoker,74,0.042659999999999997
t3336,50% Male,Smoker,75,0.04637
t3336,50% Male,Smoker,76,0.05022
t3336,50% Male,Smoker,77,0.05425
t3336,50% Male,Smoker,78,0.05853
t3336,50% Male,Smoker,79,0.0634
t3336,50% Male,Smoker,80,0.06914
t3336,50% Male,Smoker,81,0.07557
t3336,50% Male,Smoker,82,0.08321
t3336,50% Male,Smoker,83,0.09216
t3336,50% Male,Smoker,84,0.10152
t3336,50% Male,Smoker,85,0.11247
t3336,50% Male,Smoker,86,0.12502
t3336,50% Male,Smoker,87,0.13811
t3336,50% Male,Smoker,88,0.15218
t3336,50% Male,Smoker,89,0.16689
t3336,50% Male,Smoker,90,0.18187
t3336,50% Male,Smoker,91,0.19682
t3336,50% Male,Smoker,92,0.2117
t3336,50% Male,Smoker,93,0.22597
t3336,50% Male,Smoker,94,0.23921
t3336,50% Male,Smoker,95,0.25372
t3336,50% Male,Smoker,96,0.27098
t3336,50% Male,Smoker,97,0.28948
t3336,50% Male,Smoker,98,0.30917
t3336,50% Male,Smoker,99,0.3296
t3336,50% Male,Smoker,100,0.35154
t3336,50% Male,Smoker,101,0.37516
t3336,50% Male,Smoker,102,0.39847
t3336,50% Male,Smoker,103,0.42105
t3336,50% Male,Smoker,104,0.44251
t3336,50% Male,Smoker,105,0.46247
t3336,50% Male,Smoker,106,0.4837
t3336,50% Male,Smoker,107,0.50983
t3336,50% Male,Smoker,108,0.53733
t3336,50% Male,Smoker,109,0.56628
t3336,50% Male,Smoker,110,0.59675
t3336,50% Male,Smoker,111,0.62881
t3336,50% Male,Smoker,112,0.66252
t3336,50% Male,Smoker,113,0.69797
t3336,50% Male,Smoker,114,0.73521
t3336,50% Male,Smoker,115,0.77433
t3336,50% Male,Smoker,116,0.81539
t3336,50% Male,Smoker,117,0.85845
t3336,50% Male,Smoker,118,0.90355
t3336,50% Male,Smoker,119,0.95074
t3336,50% Male,Smoker,120,1
t3337,60% Male,Smoker,18,6.1e-4
t3337,60% Male,Smoker,19,6.4e-4
t3337,60% Male,Smoker,20,6.5e-4
t3337,60% Male,Smoker,21,6.7e-4
t3337,60% Male,Smoker,22,6.9e-4
t3337,60% Male,Smoker,23,7.2e-4
t3337,60% Male,Smoker,24,7.6e-4
t3337,60% Male,Smoker,25,7.7e-4
t3337,60% Male,Smoker,26,7.7e-4
t3337,60% Male,Smoker,27,7.6e-4
t3337,60% Male,Smoker,28,7.6e-4
t3337,60% Male,Smoker,29,7.7e-4
t3337,60% Male,Smoker,30,8e-4
t3337,60% Male,Smoker,31,8.4e-4
t3337,60% Male,Smoker,32,9.1e-4
t3337,60% Male,Smoker,33,0.001
t3337,60% Male,Smoker,34,0.00111
t3337,60% Male,Smoker,35,0.00123
t3337,60% Male,Smoker,36,0.00137
t3337,60% Male,Smoker,37,0.00153
t3337,60% Male,Smoker,38,0.00171
t3337,60% Male,Smoker,39,0.00191
t3337,60% Male,Smoker,40,0.00212
t3337,60% Male,Smoker,41,0.00232
t3337,60% Male,Smoker,42,0.00251
t3337,60% Male,Smoker,43,0.00269
t3337,60% Male,Smoker,44,0.00283
t3337,60% Male,Smoker,45,0.003
t3337,60% Male,Smoker,46,0.00322
t3337,60% Male,Smoker,47,0.00347
t3337,60% Male,Smoker,48,0.00374
t3337,60% Male,Smoker,49,0.00404
t3337,60% Male,Smoker,50,0.00438
t3337,60% Male,Smoker,51,0.00477
t3337,60% Male,Smoker,52,0.0052
t3337,60% Male,Smoker,53,0.00567
t3337,60% Male,Smoker,54,0.00621
t3337,60% Male,Smoker,55,0.00682
t3337,60% Male,Smoker,56,0.00751
t3337,60% Male,Smoker,57,0.00829
t3337,60% Male,Smoker,58,0.00916
t3337,60% Male,Smoker,59,0.01016
t3337,60% Male,Smoker,60,0.01129
t3337,60% Male,Smoker,61,0.01257
t3337,60% Male,Smoker,62,0.01399
t3337,60% Male,Smoker,63,0.01555
t3337,60% Male,Smoker,64,0.01726
t3337,60% Male,Smoker,65,0.01912
t3337,60% Male,Smoker,66,0.0211
t3337,60% Male,Smoker,67,0.02318
t3337,60% Male,Smoker,68,0.0254
t3337,60% Male,Smoker,69,0.02781
t3337,60% Male,Smoker,70,0.03053
t3337,60% Male,Smoker,71,0.03352
t3337,60% Male,Smoker,72,0.03676
t3337,60% Male,Smoker,73,0.04026
t3337,60% Male,Smoker,74,0.04395
t3337,60% Male,Smoker,75,0.04777
t3337,60% Male,Smoker,76,0.0517
t3337,60% Male,Smoker,77,0.05577
t3337,60% Male,Smoker,78,0.06004
t3337,60% Male,Smoker,79,0.06485
t3337,60% Male,Smoker,80,0.07043
t3337,60% Male,Smoker,81,0.07663
t3337,60% Male,Smoker,82,0.08408
t3337,60% Male,Smoker,83,0.09299
t3337,60% Male,Smoker,84,0.10246
t3337,60% Male,Smoker,85,0.11347
t3337,60% Male,Smoker,86,0.12604
t3337,60% Male,Smoker,87,0.13931
t3337,60% Male,Smoker,88,0.15355
t3337,60% Male,Smoker,89,0.16843
t3337,60% Male,Smoker,90,0.18357
t3337,60% Male,Smoker,91,0.19862
t3337,60% Male,Smoker,92,0.21352
t3337,60% Male,Smoker,93,0.22775
t3337,60% Male,Smoker,94,0.24087
t3337,60% Male,Smoker,95,0.25516
t3337,60% Male,Smoker,96,0.27228
t3337,60% Male,Smoker,97,0.29075
t3337,60% Male,Smoker,98,0.31057
t3337,60% Male,Smoker,99,0.33132
t3337,60% Male,Smoker,100,0.35341
t3337,60% Male,Smoker,101,0.37674
t3337,60% Male,Smoker,102,0.39978
t3337,60% Male,Smoker,103,0.42211
t3337,60% Male,Smoker,104,0.44335
t3337,60% Male,Smoker,105,0.46312
t3337,60% Male,Smoker,106,0.48422
t3337,60% Male,Smoker,107,0.51034
t3337,60% Male,Smoker,108,0.53783
t3337,60% Male,Smoker,109,0.56676
t3337,60% Male,Smoker,110,0.59721
t3337,60% Male,Smoker,111,0.62924
t3337,60% Male,Smoker,112,0.66292
t3337,60% Male,Smoker,113,0.69833
t3337,60% Male,Smoker,114,0.73554
t3337,60% Male,Smoker,115,0.77462
t3337,60% Male,Smoker,116,0.81563
t3337,60% Male,Smoker,117,0.85864
t3337,60% Male,Smoker,118,0.90368
t3337,60% Male,Smoker,119,0.9508
t3337,60% Male,Smoker,120,1
t3338,80% Male,Smoker,18,7.1e-4
t3338,80% Male,Smoker,19,7.4e-4
t3338,80% Male,Smoker,20,7.6e-4
t3338,80% Male,Smoker,21,7.8e-4
t3338,80% Male,Smoker,22,8.1e-4
t3338,80% Male,Smoker,23,8.4e-4
t3338,80% Male,Smoker,24,8.8e-4
t3338,80% Male,Smoker,25,8.9e-4
t3338,80% Male,Smoker,26,8.9e-4
t3338,80% Male,Smoker,27,8.8e-4
t3338,80% Male,Smoker,28,8.7e-4
t3338,80% Male,Smoker,29,8.8e-4
t3338,80% Male,Smoker,30,9e-4
t3338,80% Male,Smoker,31,9.5e-4
t3338,80% Male,Smoker,32,0.00102
t3338,80% Male,Smoker,33,0.0011
t3338,80% Male,Smoker,34,0.0012
t3338,80% Male,Smoker,35,0.00132
t3338,80% Male,Smoker,36,0.00146
t3338,80% Male,Smoker,37,0.00161
t3338,80% Male,Smoker,38,0.00179
t3338,80% Male,Smoker,39,0.00202
t3338,80% Male,Smoker,40,0.00225
t3338,80% Male,Smoker,41,0.00248
t3338,80% Male,Smoker,42,0.00271
t3338,80% Male,Smoker,43,0.0029
t3338,80% Male,Smoker,44,0.00305
t3338,80% Male,Smoker,45,0.00323
t3338,80% Male,Smoker,46,0.00345
t3338,80% Male,Smoker,47,0.00369
t3338,80% Male,Smoker,48,0.00396
t3338,80% Male,Smoker,49,0.00426
t3338,80% Male,Smoker,50,0.00461
t3338,80% Male,Smoker,51,0.005
t3338,80% Male,Smoker,52,0.00544
t3338,80% Male,Smoker,53,0.00592
t3338,80% Male,Smoker,54,0.00647
t3338,80% Male,Smoker,55,0.00709
t3338,80% Male,Smoker,56,0.0078
t3338,80% Male,Smoker,57,0.0086
t3338,80% Male,Smoker,58,0.0095
t3338,80% Male,Smoker,59,0.01053
t3338,80% Male,Smoker,60,0.01171
t3338,80% Male,Smoker,61,0.01305
t3338,80% Male,Smoker,62,0.01454
t3338,80% Male,Smoker,63,0.01618
t3338,80% Male,Smoker,64,0.01799
t3338,80% Male,Smoker,65,0.01996
t3338,80% Male,Smoker,66,0.02204
t3338,80% Male,Smoker,67,0.02423
t3338,80% Male,Smoker,68,0.02656
t3338,80% Male,Smoker,69,0.02912
t3338,80% Male,Smoker,70,0.032
t3338,80% Male,Smoker,71,0.03523
t3338,80% Male,Smoker,72,0.03876
t3338,80% Male,Smoker,73,0.04256
t3338,80% Male,Smoker,74,0.04654
t3338,80% Male,Smoker,75,0.05059
t3338,80% Male,Smoker,76,0.05467
t3338,80% Male,Smoker,77,0.0588
t3338,80% Male,Smoker,78,0.06308
t3338,80% Male,Smoker,79,0.06776
t3338,80% Male,Smoker,80,0.07303
t3338,80% Male,Smoker,81,0.07875
t3338,80% Male,Smoker,82,0.08584
t3338,80% Male,Smoker,83,0.09466
t3338,80% Male,Smoker,84,0.10435
t3338,80% Male,Smoker,85,0.11548
t3338,80% Male,Smoker,86,0.12808
t3338,80% Male,Smoker,87,0.1417
t3338,80% Male,Smoker,88,0.15631
t3338,80% Male,Smoker,89,0.17152
t3338,80% Male,Smoker,90,0.18697
t3338,80% Male,Smoker,91,0.20223
t3338,80% Male,Smoker,92,0.21716
t3338,80% Male,Smoker,93,0.23133
t3338,80% Male,Smoker,94,0.24419
t3338,80% Male,Smoker,95,0.25805
t3338,80% Male,Smoker,96,0.27488
t3338,80% Male,Smoker,97,0.29329
t3338,80% Male,Smoker,98,0.31338
t3338,80% Male,Smoker,99,0.33478
t3338,80% Male,Smoker,100,0.35715
t3338,80% Male,Smoker,101,0.3799
t3338,80% Male,Smoker,102,0.4024
t3338,80% Male,Smoker,103,0.42424
t3338,80% Male,Smoker,104,0.44504
t3338,80% Male,Smoker,105,0.46441
t3338,80% Male,Smoker,106,0.48527
t3338,80% Male,Smoker,107,0.51136
t3338,80% Male,Smoker,108,0.53882
t3338,80% Male,Smoker,109,0.56771
t3338,80% Male,Smoker,110,0.59812
t3338,80% Male,Smoker,111,0.6301
t3338,80% Male,Smoker,112,0.66373
t3338,80% Male,Smoker,113,0.69907
t3338,80% Male,Smoker,114,0.73621
t3338,80% Male,Smoker,115,0.7752
t3338,80% Male,Smoker,116,0.81612
t3338,80% Male,Smoker,117,0.85902
t3338,80% Male,Smoker,118,0.90395
t3338,80% Male,Smoker,119,0.95094
t3338,80% Male,Smoker,120,1
